device_model,device_age,issue,repair_cost,parts_cost,labor_cost,condition,resale_value,repair_duration,repair_outcome
MacBook Air M2,10.4,battery_degraded,105.92,48.77,47.93,poor,913.79,1.9,PARTIAL
iPhone 15 Pro Max,56.2,battery_degraded,94.44,44.84,40.11,pristine,149.85,0.9,SUCCESS
Samsung Galaxy S23 Ultra,25.7,screen_cracked,259.61,201.41,52.18,fair,483.18,2.3,SUCCESS
Samsung Galaxy S22,18.4,battery_degraded,94.28,51.15,36.88,pristine,668.13,1.0,PARTIAL
HP Spectre x360,5.1,speaker_malfunction,90.3,36.94,46.44,good,1361.39,2.6,PARTIAL
iPhone 15,5.1,screen_cracked,273.37,185.8,79.79,poor,680.47,3.9,SUCCESS
MacBook Air M2,3.1,camera_lens_broken,139.96,69.37,59.24,poor,1061.52,3.0,PARTIAL
Google Pixel 7 Pro,38.2,liquid_spill,226.18,127.58,90.36,fair,280.88,12.1,UNREPAIRABLE
Dell Inspiron 15,18.5,screen_cracked,233.93,157.47,62.7,fair,899.85,2.8,PARTIAL
Samsung Galaxy S23,24.2,liquid_spill,339.87,240.75,91.65,good,563.84,11.4,SUCCESS
Google Pixel 7 Pro,2.4,thermal_overheating,90.52,22.88,57.54,fair,860.26,2.9,SUCCESS
iPhone 15,65.1,screen_cracked,278.48,217.78,51.88,poor,112.39,2.1,SUCCESS
Google Pixel 8 Pro,34.2,thermal_overheating,92.99,22.54,56.6,poor,288.01,3.2,UNREPAIRABLE
Dell Inspiron 15,6.3,logic_board_defect,672.09,504.41,153.92,poor,996.76,10.9,UNREPAIRABLE
Samsung Galaxy S23 Ultra,5.6,thermal_overheating,101.83,37.86,55.23,fair,808.47,1.9,SUCCESS
iPhone 14 Pro,5.6,thermal_overheating,117.39,43.6,67.67,pristine,898.3,3.1,SUCCESS
Samsung Galaxy S23,8.5,logic_board_defect,317.89,199.02,104.09,pristine,846.15,11.0,SUCCESS
Google Pixel 7 Pro,15.4,charging_port_fault,87.4,23.85,49.26,pristine,722.08,2.2,SUCCESS
Dell Inspiron 15,12.2,liquid_spill,474.44,342.87,124.09,pristine,1169.82,12.7,SUCCESS
iPhone 15,8.2,camera_lens_broken,95.99,41.47,48.85,poor,638.66,1.6,SUCCESS
iPhone 15 Pro Max,19.0,camera_lens_broken,100.27,44.96,40.95,fair,591.61,1.9,UNREPAIRABLE
MacBook Pro 14 M1,4.7,keyboard_failure,189.27,93.74,86.29,pristine,1372.18,3.8,SUCCESS
Google Pixel 8 Pro,8.2,screen_cracked,284.52,187.74,89.29,good,851.55,1.7,SUCCESS
iPhone 13,10.2,thermal_overheating,94.2,28.46,52.66,poor,611.69,1.8,SUCCESS
Lenovo ThinkPad X1 Carbon,13.0,thermal_overheating,111.29,24.22,80.41,poor,861.18,2.8,SUCCESS
Google Pixel 8 Pro,29.7,keyboard_failure,142.41,67.1,61.04,pristine,464.93,2.1,SUCCESS
Dell Inspiron 15,6.0,keyboard_failure,203.58,98.31,98.37,pristine,1337.11,5.5,SUCCESS
iPhone 13,15.0,screen_cracked,256.26,172.67,69.4,pristine,729.27,2.7,PARTIAL
Google Pixel 7 Pro,18.2,charging_port_fault,85.56,21.71,50.23,poor,503.8,2.5,UNREPAIRABLE
Samsung Galaxy S22,2.9,battery_degraded,130.33,77.37,41.39,poor,710.14,1.3,SUCCESS
MacBook Pro 14 M1,18.8,thermal_overheating,103.93,33.06,64.56,good,991.74,3.3,SUCCESS
MacBook Air M2,5.4,logic_board_defect,609.49,365.69,233.42,poor,1014.97,20.4,SUCCESS
Google Pixel 7 Pro,3.2,logic_board_defect,287.99,163.71,114.9,good,941.46,5.7,SUCCESS
Google Pixel 7 Pro,55.5,logic_board_defect,506.61,321.85,178.72,good,149.85,11.9,UNREPAIRABLE
HP Spectre x360,62.7,charging_port_fault,128.1,37.71,83.28,good,224.85,3.4,PARTIAL
Samsung Galaxy S23,31.7,liquid_spill,387.69,248.12,128.23,poor,321.73,7.9,SUCCESS
Lenovo ThinkPad X1 Carbon,8.5,logic_board_defect,344.09,181.64,153.03,fair,1142.69,9.2,UNREPAIRABLE
Dell XPS 13 Plus,3.8,speaker_malfunction,104.6,56.47,42.77,fair,1256.82,2.9,PARTIAL
Samsung Galaxy S23,22.7,thermal_overheating,70.36,19.44,43.82,poor,443.11,2.4,SUCCESS
iPhone 13,12.4,battery_degraded,105.77,50.92,41.2,fair,698.42,2.4,SUCCESS
Dell Inspiron 15,4.3,charging_port_fault,124.59,62.7,48.25,pristine,1382.98,3.5,UNREPAIRABLE
Dell Inspiron 15,14.3,liquid_spill,377.38,204.34,166.04,pristine,1113.16,7.0,SUCCESS
HP Spectre x360,2.6,keyboard_failure,218.6,105.26,105.06,fair,1285.96,5.5,SUCCESS
Lenovo ThinkPad X1 Carbon,45.2,battery_degraded,160.18,105.99,48.04,good,279.41,2.2,SUCCESS
Samsung Galaxy S23 Ultra,7.4,charging_port_fault,114.79,37.42,64.51,good,865.93,1.7,UNREPAIRABLE
Samsung Galaxy S22,21.6,thermal_overheating,95.66,18.47,66.99,pristine,610.59,1.5,SUCCESS
Dell Inspiron 15,8.7,thermal_overheating,154.64,48.07,92.08,pristine,1264.26,3.4,SUCCESS
HP Spectre x360,15.2,camera_lens_broken,191.61,112.89,69.64,good,1088.87,2.0,UNREPAIRABLE
Samsung Galaxy S22,16.2,logic_board_defect,412.83,302.96,99.18,fair,636.92,12.3,PARTIAL
Samsung Galaxy S22,5.7,thermal_overheating,98.55,40.01,49.12,good,896.5,2.1,SUCCESS
MacBook Air M2,64.9,liquid_spill,457.09,280.22,166.72,poor,168.64,16.1,SUCCESS
MacBook Air M2,28.9,camera_lens_broken,147.45,62.83,79.38,fair,647.3,1.8,SUCCESS
iPhone 13,52.5,keyboard_failure,186.6,98.9,75.74,fair,134.87,3.5,UNREPAIRABLE
Google Pixel 8 Pro,42.5,speaker_malfunction,79.35,32.32,39.84,poor,176.07,1.3,SUCCESS
Dell Inspiron 15,18.4,thermal_overheating,127.31,39.06,76.57,fair,902.28,3.7,SUCCESS
Google Pixel 7 Pro,47.9,camera_lens_broken,173.25,106.5,57.29,pristine,149.85,2.2,PARTIAL
iPhone 14 Pro,3.7,keyboard_failure,168.47,86.01,75.07,pristine,932.47,4.0,UNREPAIRABLE
Google Pixel 8 Pro,5.9,battery_degraded,108.31,67.11,34.69,poor,669.68,1.8,SUCCESS
Samsung Galaxy S22,2.8,charging_port_fault,85.19,41.19,36.93,pristine,948.65,2.2,SUCCESS
Samsung Galaxy S22,9.1,speaker_malfunction,95.97,52.15,38.76,pristine,835.36,2.1,SUCCESS
Samsung Galaxy S23,10.9,logic_board_defect,541.18,368.65,165.34,fair,722.7,15.5,SUCCESS
Samsung Galaxy S22,7.7,keyboard_failure,124.97,52.32,58.45,fair,774.48,3.7,SUCCESS
MacBook Pro 14 M1,33.8,thermal_overheating,104.97,21.34,69.96,pristine,587.01,2.9,SUCCESS
iPhone 14 Pro,9.9,screen_cracked,193.88,121.63,59.73,pristine,820.98,2.4,SUCCESS
Lenovo ThinkPad X1 Carbon,7.9,speaker_malfunction,97.63,43.97,42.16,good,1285.84,1.5,SUCCESS
Dell Inspiron 15,16.1,screen_cracked,395.61,270.91,118.44,fair,958.13,2.3,SUCCESS
MacBook Air M2,4.7,battery_degraded,138.97,81.51,46.39,fair,1234.97,2.6,PARTIAL
Dell XPS 13 Plus,31.2,battery_degraded,151.19,94.5,44.92,good,657.16,1.9,PARTIAL
Samsung Galaxy S22,3.4,speaker_malfunction,98.18,53.24,32.97,fair,844.08,2.0,SUCCESS
Samsung Galaxy S23 Ultra,72.0,battery_degraded,122.21,70.83,41.32,good,149.85,1.2,SUCCESS
Samsung Galaxy S23,28.6,screen_cracked,304.46,215.93,82.0,pristine,484.71,2.2,UNREPAIRABLE
iPhone 14 Pro,6.0,thermal_overheating,101.42,43.96,48.1,pristine,891.11,2.8,SUCCESS
Dell XPS 13 Plus,2.1,logic_board_defect,459.23,305.59,141.14,pristine,1442.34,20.6,SUCCESS
MacBook Pro 14 M1,32.4,speaker_malfunction,106.28,47.37,50.51,good,624.78,1.9,SUCCESS
HP Spectre x360,24.1,logic_board_defect,597.89,409.6,177.74,pristine,848.73,9.5,SUCCESS
iPhone 13,25.5,keyboard_failure,178.22,101.67,64.63,fair,486.41,3.8,SUCCESS
Samsung Galaxy S23 Ultra,28.6,camera_lens_broken,133.43,73.13,48.27,good,484.71,1.9,SUCCESS
Samsung Galaxy S23 Ultra,3.4,logic_board_defect,302.19,202.96,92.07,fair,844.08,6.9,SUCCESS
Google Pixel 8 Pro,10.0,logic_board_defect,544.73,359.11,177.66,poor,614.38,10.7,SUCCESS
Samsung Galaxy S23,4.2,charging_port_fault,93.23,29.07,56.24,poor,692.61,1.4,PARTIAL
iPhone 14 Pro,37.8,keyboard_failure,118.35,58.21,45.49,good,319.28,2.8,SUCCESS
Samsung Galaxy S23 Ultra,19.6,keyboard_failure,113.23,59.13,47.61,poor,484.91,3.4,SUCCESS
MacBook Pro 14 M1,9.2,logic_board_defect,350.26,199.95,141.51,fair,1125.69,15.1,PARTIAL
HP Spectre x360,3.2,keyboard_failure,206.74,99.61,92.53,poor,1059.49,4.3,PARTIAL
iPhone 15,8.7,liquid_spill,320.07,233.87,81.17,poor,631.92,4.5,SUCCESS
Google Pixel 8 Pro,9.1,keyboard_failure,139.43,73.3,54.26,pristine,835.36,4.0,SUCCESS
HP Spectre x360,25.5,logic_board_defect,715.81,512.98,192.38,pristine,810.96,17.0,SUCCESS
MacBook Air M2,20.3,charging_port_fault,157.01,63.79,80.73,good,951.27,2.0,PARTIAL
MacBook Pro 14 M1,41.3,logic_board_defect,539.31,357.64,171.27,good,384.64,11.3,PARTIAL
Google Pixel 8 Pro,13.5,battery_degraded,116.99,61.91,47.79,poor,567.18,1.9,SUCCESS
MacBook Air M2,4.3,screen_cracked,435.69,323.91,101.59,fair,1244.68,2.5,SUCCESS
Google Pixel 8 Pro,24.5,logic_board_defect,326.9,179.89,138.53,poor,418.83,12.1,SUCCESS
Samsung Galaxy S23,27.7,camera_lens_broken,157.8,86.91,56.44,good,500.9,1.7,UNREPAIRABLE
Lenovo ThinkPad X1 Carbon,16.8,thermal_overheating,92.56,21.74,57.57,pristine,1045.7,2.3,PARTIAL
iPhone 15 Pro Max,28.5,thermal_overheating,79.91,28.86,41.63,pristine,486.51,2.5,UNREPAIRABLE
iPhone 15 Pro Max,14.3,liquid_spill,227.19,151.42,70.48,pristine,741.86,6.7,SUCCESS
MacBook Air M2,15.3,liquid_spill,466.06,341.89,114.56,fair,977.56,5.6,SUCCESS
iPhone 15,12.0,charging_port_fault,98.89,34.95,56.5,pristine,783.22,2.2,SUCCESS
Google Pixel 7 Pro,2.5,charging_port_fault,106.9,31.51,62.66,poor,715.53,2.7,SUCCESS
Lenovo ThinkPad X1 Carbon,4.1,speaker_malfunction,114.76,47.51,56.45,good,1388.37,1.4,PARTIAL
MacBook Air M2,2.6,keyboard_failure,260.14,160.95,84.86,pristine,1428.85,4.3,SUCCESS
Lenovo ThinkPad X1 Carbon,20.2,liquid_spill,541.0,426.03,106.79,pristine,953.96,9.9,SUCCESS
Google Pixel 8 Pro,8.8,speaker_malfunction,82.8,36.58,39.96,pristine,840.76,2.3,SUCCESS
MacBook Pro 14 M1,14.8,camera_lens_broken,225.16,136.19,76.75,pristine,1099.67,2.4,SUCCESS
Samsung Galaxy S22,44.9,charging_port_fault,86.49,22.24,58.45,pristine,191.61,2.1,UNREPAIRABLE
Samsung Galaxy S23,7.2,thermal_overheating,81.58,26.4,49.5,poor,652.15,2.9,PARTIAL
MacBook Air M2,11.5,logic_board_defect,821.82,606.35,208.81,poor,891.53,13.0,SUCCESS
Samsung Galaxy S23 Ultra,27.4,screen_cracked,178.5,87.36,80.83,fair,455.66,2.1,SUCCESS
MacBook Pro 14 M1,6.7,charging_port_fault,98.46,33.88,50.45,fair,1186.4,4.0,SUCCESS
iPhone 14 Pro,3.4,liquid_spill,288.16,196.06,80.32,pristine,937.86,5.8,SUCCESS
iPhone 14 Pro,8.2,battery_degraded,99.29,54.88,36.91,pristine,851.55,1.8,UNREPAIRABLE
Lenovo ThinkPad X1 Carbon,5.2,logic_board_defect,418.64,250.75,159.93,good,1358.69,13.8,PARTIAL
Dell XPS 13 Plus,49.8,logic_board_defect,404.28,171.77,220.06,poor,168.64,12.3,PARTIAL
Lenovo ThinkPad X1 Carbon,31.7,logic_board_defect,654.17,507.59,139.07,fair,579.3,18.5,PARTIAL
Dell Inspiron 15,20.1,charging_port_fault,147.08,52.44,83.84,pristine,956.66,3.3,SUCCESS
Dell XPS 13 Plus,38.9,charging_port_fault,103.61,30.65,59.2,fair,404.46,3.4,PARTIAL
Samsung Galaxy S23,31.3,thermal_overheating,90.7,30.05,48.18,pristine,436.16,2.2,SUCCESS
Samsung Galaxy S23,5.7,battery_degraded,96.24,56.07,31.51,pristine,896.5,1.6,PARTIAL
Dell Inspiron 15,42.2,speaker_malfunction,94.49,34.31,51.37,good,360.36,2.2,PARTIAL
MacBook Air M2,16.0,camera_lens_broken,126.59,64.24,55.14,good,1067.29,1.8,PARTIAL
iPhone 15,31.7,keyboard_failure,194.8,122.75,57.09,poor,321.73,2.8,SUCCESS
iPhone 15,42.8,battery_degraded,98.74,45.57,40.75,pristine,229.37,1.4,PARTIAL
iPhone 14 Pro,8.9,speaker_malfunction,99.06,44.65,42.51,good,838.96,2.1,SUCCESS
iPhone 13,4.1,keyboard_failure,154.04,85.58,54.44,good,925.27,3.4,PARTIAL
MacBook Air M2,6.7,camera_lens_broken,127.91,59.72,56.56,pristine,1318.22,3.8,SUCCESS
MacBook Air M2,12.0,screen_cracked,213.23,118.92,81.01,fair,1057.69,5.0,SUCCESS
Google Pixel 7 Pro,32.7,liquid_spill,363.49,224.87,125.04,poor,308.24,6.2,SUCCESS
iPhone 14 Pro,37.5,charging_port_fault,103.75,36.21,58.96,fair,292.21,2.1,SUCCESS
Dell Inspiron 15,2.1,liquid_spill,393.18,304.34,82.7,pristine,1442.34,8.1,PARTIAL
iPhone 15,14.9,keyboard_failure,150.77,85.86,59.48,fair,657.96,3.5,PARTIAL
Dell Inspiron 15,11.7,thermal_overheating,124.39,32.47,80.06,pristine,1183.31,2.6,SUCCESS
Google Pixel 8 Pro,6.5,keyboard_failure,115.44,55.88,48.23,good,882.12,3.3,PARTIAL
Google Pixel 7 Pro,4.3,camera_lens_broken,129.52,66.66,49.93,pristine,921.68,1.5,SUCCESS
iPhone 15,9.4,thermal_overheating,92.07,36.63,46.45,good,829.97,2.1,SUCCESS
Dell XPS 13 Plus,53.5,battery_degraded,121.09,66.24,48.94,pristine,224.85,2.2,SUCCESS
iPhone 15,9.0,battery_degraded,113.89,54.43,44.89,poor,627.87,1.2,PARTIAL
Google Pixel 7 Pro,15.2,camera_lens_broken,137.68,86.9,45.27,pristine,725.67,2.8,UNREPAIRABLE
Samsung Galaxy S23 Ultra,23.9,logic_board_defect,382.33,236.04,137.79,fair,512.31,7.6,SUCCESS
Google Pixel 7 Pro,10.1,camera_lens_broken,104.29,48.04,41.96,poor,613.04,1.4,PARTIAL
Lenovo ThinkPad X1 Carbon,66.2,logic_board_defect,326.6,174.9,144.89,good,224.85,18.5,SUCCESS
iPhone 14 Pro,61.1,speaker_malfunction,77.4,27.09,41.11,fair,134.87,1.7,SUCCESS
Samsung Galaxy S23,7.2,charging_port_fault,94.31,31.1,56.65,poor,652.15,2.8,SUCCESS
Dell Inspiron 15,14.4,screen_cracked,338.59,253.58,77.28,pristine,1110.46,3.9,SUCCESS
Dell Inspiron 15,8.4,thermal_overheating,107.94,24.86,71.41,pristine,1272.35,2.8,PARTIAL
iPhone 15 Pro Max,8.0,liquid_spill,301.5,180.91,107.95,fair,769.63,4.0,SUCCESS
Samsung Galaxy S23 Ultra,2.7,camera_lens_broken,106.42,48.4,47.43,fair,855.4,1.4,PARTIAL
MacBook Air M2,18.9,camera_lens_broken,147.9,60.81,76.33,poor,741.78,1.2,SUCCESS
MacBook Pro 14 M1,14.6,speaker_malfunction,124.45,62.48,48.96,good,1105.06,1.2,SUCCESS
MacBook Pro 14 M1,3.0,keyboard_failure,278.67,157.36,110.42,fair,1276.25,3.4,SUCCESS
Google Pixel 7 Pro,7.9,battery_degraded,99.12,52.81,36.21,fair,771.25,1.3,SUCCESS
iPhone 15,45.0,thermal_overheating,103.51,30.3,67.18,fair,170.83,2.3,SUCCESS
Samsung Galaxy S23 Ultra,6.9,liquid_spill,214.67,129.9,72.23,pristine,874.92,9.8,SUCCESS
Dell Inspiron 15,4.8,keyboard_failure,257.6,141.06,108.38,good,1369.49,5.4,UNREPAIRABLE
Google Pixel 8 Pro,14.1,battery_degraded,104.47,56.1,42.63,good,745.45,2.0,PARTIAL
Google Pixel 8 Pro,72.0,keyboard_failure,123.7,53.01,59.75,poor,112.39,2.9,PARTIAL
Samsung Galaxy S22,7.0,keyboard_failure,190.65,96.43,83.17,fair,785.81,3.6,SUCCESS
Google Pixel 7 Pro,22.1,charging_port_fault,108.71,48.73,48.52,poor,451.2,3.1,PARTIAL
iPhone 15 Pro Max,27.8,liquid_spill,406.21,252.75,139.28,good,499.1,8.4,SUCCESS
Samsung Galaxy S22,6.9,speaker_malfunction,96.71,48.23,40.18,good,874.92,1.3,SUCCESS
Google Pixel 7 Pro,25.4,speaker_malfunction,80.2,33.52,40.86,fair,488.03,2.1,SUCCESS
MacBook Air M2,10.3,charging_port_fault,136.03,64.13,59.81,fair,1098.98,3.6,PARTIAL
iPhone 15,20.0,logic_board_defect,460.49,304.44,144.35,poor,479.52,8.4,UNREPAIRABLE
Google Pixel 7 Pro,20.1,camera_lens_broken,91.27,41.28,42.72,pristine,637.56,2.4,SUCCESS
iPhone 14 Pro,15.8,charging_port_fault,91.01,22.31,60.33,poor,536.16,2.0,UNREPAIRABLE
Dell Inspiron 15,3.7,charging_port_fault,114.07,51.19,53.5,fair,1259.25,2.6,UNREPAIRABLE
Samsung Galaxy S22,34.5,camera_lens_broken,138.63,87.35,40.94,pristine,378.62,1.6,SUCCESS
Samsung Galaxy S23 Ultra,9.0,keyboard_failure,187.77,122.32,52.76,pristine,837.16,3.9,SUCCESS
Dell Inspiron 15,5.7,speaker_malfunction,108.62,54.12,48.98,fair,1210.68,1.4,SUCCESS
Google Pixel 8 Pro,2.7,camera_lens_broken,129.01,78.82,37.56,good,950.45,2.6,SUCCESS
Samsung Galaxy S23 Ultra,18.1,keyboard_failure,187.16,122.42,50.89,fair,606.17,3.6,SUCCESS
HP Spectre x360,22.4,screen_cracked,289.7,197.62,84.83,poor,670.95,3.0,SUCCESS
Samsung Galaxy S23,2.3,battery_degraded,127.72,72.76,43.0,good,957.64,1.6,SUCCESS
iPhone 14 Pro,14.9,keyboard_failure,145.5,85.89,45.21,fair,657.96,2.1,PARTIAL
MacBook Pro 14 M1,6.6,thermal_overheating,134.21,37.39,85.43,fair,1188.83,2.3,SUCCESS
MacBook Pro 14 M1,20.7,keyboard_failure,186.65,74.28,105.93,fair,846.43,4.5,UNREPAIRABLE
Samsung Galaxy S22,5.4,screen_cracked,248.95,178.37,55.83,poor,676.42,2.6,PARTIAL
iPhone 15,23.1,thermal_overheating,106.27,31.32,63.59,pristine,583.62,2.0,SUCCESS
Samsung Galaxy S23,10.8,logic_board_defect,494.67,366.61,115.71,poor,603.6,5.6,PARTIAL
Samsung Galaxy S23,51.7,charging_port_fault,82.5,21.33,51.38,pristine,149.85,2.6,UNREPAIRABLE
iPhone 14 Pro,4.7,charging_port_fault,94.04,21.89,58.29,poor,685.86,2.1,SUCCESS
Samsung Galaxy S23,9.5,logic_board_defect,477.56,290.08,178.91,fair,745.35,10.9,SUCCESS
Dell Inspiron 15,4.2,screen_cracked,385.32,295.01,80.91,pristine,1385.68,2.4,UNREPAIRABLE
Samsung Galaxy S22,48.6,camera_lens_broken,167.84,108.16,47.41,good,149.85,2.2,SUCCESS
iPhone 15,39.8,speaker_malfunction,97.02,43.07,42.34,poor,212.49,1.5,SUCCESS
Samsung Galaxy S23 Ultra,7.4,keyboard_failure,173.95,98.21,62.04,poor,649.45,3.7,UNREPAIRABLE
Samsung Galaxy S23,21.4,speaker_malfunction,88.07,33.24,44.7,pristine,614.19,1.7,SUCCESS
Dell XPS 13 Plus,32.6,charging_port_fault,124.29,65.59,53.03,poor,464.54,3.6,SUCCESS
Dell Inspiron 15,16.6,camera_lens_broken,176.23,88.22,79.29,pristine,1051.1,1.2,SUCCESS
Dell Inspiron 15,15.6,battery_degraded,142.18,82.12,54.8,fair,970.27,2.1,SUCCESS
iPhone 14 Pro,7.0,keyboard_failure,187.92,91.42,81.54,pristine,873.13,2.6,SUCCESS
Samsung Galaxy S23 Ultra,3.8,keyboard_failure,129.55,66.01,50.43,pristine,930.67,2.0,SUCCESS
Lenovo ThinkPad X1 Carbon,43.0,camera_lens_broken,200.43,117.11,71.2,good,338.77,2.4,SUCCESS
HP Spectre x360,43.5,charging_port_fault,139.89,59.14,67.85,fair,292.75,2.1,SUCCESS
iPhone 15 Pro Max,20.0,camera_lens_broken,131.09,78.78,44.22,poor,479.52,2.3,SUCCESS
Dell XPS 13 Plus,9.5,keyboard_failure,232.3,124.28,102.28,good,1242.67,5.2,UNREPAIRABLE
Google Pixel 8 Pro,9.7,thermal_overheating,101.01,25.34,66.34,fair,742.12,2.9,SUCCESS
HP Spectre x360,25.3,screen_cracked,394.27,287.58,92.22,fair,734.72,2.7,SUCCESS
Google Pixel 7 Pro,42.9,logic_board_defect,512.25,399.16,105.06,fair,204.81,12.1,UNREPAIRABLE
Google Pixel 7 Pro,41.3,battery_degraded,96.4,57.62,33.37,good,256.34,1.8,PARTIAL
Lenovo ThinkPad X1 Carbon,29.2,screen_cracked,253.08,125.54,118.37,fair,640.01,4.0,PARTIAL
MacBook Air M2,20.5,screen_cracked,327.48,215.58,98.85,pristine,945.87,3.3,SUCCESS
MacBook Air M2,3.6,speaker_malfunction,94.82,45.8,41.98,pristine,1401.86,1.5,SUCCESS
MacBook Pro 14 M1,5.2,charging_port_fault,128.61,39.66,76.34,pristine,1358.69,3.9,SUCCESS
Google Pixel 7 Pro,43.2,thermal_overheating,70.95,18.19,47.25,fair,199.96,1.7,SUCCESS
Samsung Galaxy S22,18.8,speaker_malfunction,88.06,32.45,42.98,good,660.94,1.1,SUCCESS
Google Pixel 8 Pro,2.2,thermal_overheating,104.94,29.0,66.37,pristine,959.44,2.0,PARTIAL
iPhone 13,3.9,liquid_spill,298.43,224.17,63.89,pristine,928.87,6.4,SUCCESS
Lenovo ThinkPad X1 Carbon,21.6,battery_degraded,146.77,73.43,64.33,good,916.19,2.6,SUCCESS
MacBook Pro 14 M1,2.1,thermal_overheating,116.34,28.13,76.41,good,1442.34,2.3,PARTIAL
iPhone 15,5.2,charging_port_fault,103.06,49.25,46.82,good,905.49,2.7,SUCCESS
Google Pixel 7 Pro,16.3,speaker_malfunction,80.25,40.0,30.68,pristine,705.89,1.1,PARTIAL
MacBook Pro 14 M1,23.2,thermal_overheating,125.99,25.91,91.72,good,873.02,2.7,PARTIAL
Lenovo ThinkPad X1 Carbon,21.0,thermal_overheating,136.25,41.81,82.7,good,932.38,3.0,SUCCESS
Samsung Galaxy S22,6.6,logic_board_defect,550.13,382.93,152.53,pristine,880.32,12.3,SUCCESS
Dell Inspiron 15,24.4,liquid_spill,502.73,345.49,144.02,pristine,840.64,7.4,SUCCESS
iPhone 13,6.9,screen_cracked,257.26,171.61,76.52,pristine,874.92,1.9,SUCCESS
iPhone 13,9.1,speaker_malfunction,85.6,40.05,39.17,poor,626.52,1.9,UNREPAIRABLE
iPhone 13,26.7,thermal_overheating,98.74,24.75,59.87,fair,466.99,2.2,SUCCESS
Samsung Galaxy S23,20.9,thermal_overheating,98.63,25.63,63.16,good,623.18,2.8,PARTIAL
iPhone 13,36.1,logic_board_defect,413.73,304.17,102.49,good,349.85,15.6,UNREPAIRABLE
Dell XPS 13 Plus,21.3,keyboard_failure,187.55,101.74,79.59,good,924.28,6.2,SUCCESS
MacBook Air M2,17.1,thermal_overheating,134.75,35.63,93.7,fair,933.85,4.1,SUCCESS
Dell XPS 13 Plus,3.8,battery_degraded,128.44,68.29,52.44,fair,1256.82,1.8,PARTIAL
Google Pixel 7 Pro,10.3,logic_board_defect,314.2,165.3,141.57,fair,732.41,11.3,UNREPAIRABLE
iPhone 15,7.5,speaker_malfunction,83.53,34.91,37.09,fair,777.72,1.5,SUCCESS
HP Spectre x360,7.0,keyboard_failure,202.1,119.06,71.52,poor,982.59,5.9,SUCCESS
iPhone 13,67.0,thermal_overheating,117.01,37.16,65.51,pristine,149.85,2.0,SUCCESS
iPhone 15 Pro Max,11.0,speaker_malfunction,86.52,48.64,32.79,good,801.2,2.1,SUCCESS
MacBook Pro 14 M1,42.1,battery_degraded,166.71,103.65,49.55,pristine,363.06,2.2,SUCCESS
Google Pixel 8 Pro,20.0,logic_board_defect,281.75,183.63,91.26,good,639.36,6.9,UNREPAIRABLE
Dell XPS 13 Plus,30.5,camera_lens_broken,205.29,128.73,66.41,pristine,676.05,2.7,SUCCESS
iPhone 15,14.6,speaker_malfunction,85.46,45.08,32.77,fair,662.82,1.1,SUCCESS
iPhone 13,17.5,keyboard_failure,205.0,110.3,83.16,poor,513.24,3.0,SUCCESS
Dell XPS 13 Plus,14.2,liquid_spill,240.73,140.79,93.77,good,1115.86,8.7,UNREPAIRABLE
HP Spectre x360,5.9,logic_board_defect,478.44,325.74,137.81,pristine,1339.81,21.0,UNREPAIRABLE
Samsung Galaxy S23,25.1,speaker_malfunction,101.55,46.06,43.69,fair,492.89,2.1,SUCCESS
MacBook Pro 14 M1,7.9,battery_degraded,147.22,79.17,54.76,poor,964.38,2.3,SUCCESS
HP Spectre x360,2.4,thermal_overheating,115.97,28.44,75.73,pristine,1434.24,2.7,SUCCESS
Dell XPS 13 Plus,20.7,keyboard_failure,176.27,77.32,88.31,pristine,940.47,5.5,SUCCESS
Google Pixel 7 Pro,5.5,keyboard_failure,168.33,103.82,57.33,poor,675.07,2.0,UNREPAIRABLE
iPhone 15,52.8,screen_cracked,229.63,147.79,76.52,poor,112.39,2.3,SUCCESS
Samsung Galaxy S22,57.4,charging_port_fault,115.97,43.07,57.97,pristine,149.85,3.2,SUCCESS
Samsung Galaxy S22,46.3,keyboard_failure,214.44,119.57,81.27,fair,149.79,3.2,UNREPAIRABLE
iPhone 15,10.3,charging_port_fault,111.36,49.79,46.79,poor,610.34,2.2,SUCCESS
Google Pixel 8 Pro,2.3,thermal_overheating,85.98,27.72,51.38,fair,861.88,1.9,SUCCESS
HP Spectre x360,49.4,battery_degraded,114.6,49.21,58.33,poor,168.64,2.6,SUCCESS
iPhone 15,12.1,screen_cracked,236.06,151.43,75.24,poor,586.06,3.1,SUCCESS
Google Pixel 7 Pro,63.2,liquid_spill,396.36,263.51,122.09,fair,134.87,5.6,UNREPAIRABLE
MacBook Pro 14 M1,61.6,camera_lens_broken,160.96,76.39,76.82,pristine,224.85,3.5,SUCCESS
Google Pixel 7 Pro,36.5,charging_port_fault,94.79,38.78,47.82,pristine,342.66,2.7,PARTIAL
Samsung Galaxy S22,8.3,speaker_malfunction,78.71,29.48,35.65,fair,764.77,1.8,SUCCESS
iPhone 14 Pro,10.8,keyboard_failure,198.11,123.18,67.5,fair,724.31,4.6,SUCCESS
iPhone 13,36.3,camera_lens_broken,151.01,85.27,58.06,fair,311.63,2.0,SUCCESS
MacBook Air M2,8.9,screen_cracked,375.97,296.7,72.18,fair,1132.97,4.4,SUCCESS
HP Spectre x360,5.3,camera_lens_broken,175.58,82.65,77.93,poor,1017.0,1.6,UNREPAIRABLE
Google Pixel 8 Pro,16.6,liquid_spill,375.1,249.99,116.3,good,700.5,7.1,SUCCESS
Google Pixel 7 Pro,51.5,camera_lens_broken,119.72,61.59,43.99,pristine,149.85,2.4,SUCCESS
Samsung Galaxy S23,23.4,camera_lens_broken,132.39,68.98,49.06,good,578.22,1.1,PARTIAL
MacBook Pro 14 M1,17.2,speaker_malfunction,100.69,45.71,44.47,fair,931.42,1.8,SUCCESS
MacBook Air M2,3.8,camera_lens_broken,159.98,78.32,74.98,pristine,1396.47,3.5,SUCCESS
Dell Inspiron 15,19.2,camera_lens_broken,146.9,70.0,71.56,poor,735.71,2.8,PARTIAL
Lenovo ThinkPad X1 Carbon,72.0,battery_degraded,175.28,104.67,58.54,fair,202.37,2.4,SUCCESS
iPhone 15 Pro Max,4.7,liquid_spill,306.06,206.32,89.86,pristine,914.48,9.2,UNREPAIRABLE
iPhone 15 Pro Max,15.1,thermal_overheating,81.93,31.55,40.36,good,727.47,2.2,SUCCESS
Dell XPS 13 Plus,39.8,speaker_malfunction,132.24,66.4,58.92,fair,382.6,1.3,SUCCESS
Google Pixel 7 Pro,26.3,logic_board_defect,506.4,389.02,106.73,pristine,526.07,9.4,SUCCESS
Dell XPS 13 Plus,23.5,liquid_spill,394.12,214.64,170.43,poor,648.69,6.8,SUCCESS
Samsung Galaxy S22,23.8,thermal_overheating,101.22,29.28,59.1,pristine,571.03,2.3,UNREPAIRABLE
MacBook Pro 14 M1,10.0,battery_degraded,172.4,101.61,65.32,pristine,1229.18,2.1,SUCCESS
iPhone 15,8.3,logic_board_defect,567.73,416.77,136.35,good,849.75,5.8,SUCCESS
MacBook Pro 14 M1,31.8,charging_port_fault,140.98,57.47,76.11,fair,576.88,2.6,PARTIAL
Lenovo ThinkPad X1 Carbon,31.9,speaker_malfunction,125.07,61.17,51.45,poor,478.71,2.2,PARTIAL
Samsung Galaxy S23,38.3,screen_cracked,156.38,95.63,55.45,pristine,310.29,1.8,SUCCESS
Samsung Galaxy S23 Ultra,46.0,keyboard_failure,161.2,89.25,59.23,pristine,171.83,4.4,SUCCESS
Samsung Galaxy S23 Ultra,14.9,liquid_spill,329.47,254.01,66.56,fair,657.96,5.5,UNREPAIRABLE
Samsung Galaxy S23,14.5,battery_degraded,93.85,39.12,48.86,poor,553.7,1.8,SUCCESS
Samsung Galaxy S22,30.8,keyboard_failure,171.04,94.56,65.5,poor,333.87,2.0,PARTIAL
Samsung Galaxy S23,20.9,speaker_malfunction,71.79,25.37,36.21,fair,560.86,2.1,PARTIAL
MacBook Air M2,23.8,speaker_malfunction,94.32,40.61,45.95,fair,771.15,1.5,SUCCESS
Samsung Galaxy S23 Ultra,30.6,keyboard_failure,183.22,112.61,59.44,pristine,448.75,4.6,PARTIAL
Google Pixel 8 Pro,41.7,battery_degraded,80.64,41.1,30.14,pristine,249.15,1.8,SUCCESS
Samsung Galaxy S22,9.4,charging_port_fault,96.8,29.01,53.1,fair,746.97,2.6,SUCCESS
Samsung Galaxy S23 Ultra,10.5,keyboard_failure,209.84,127.42,76.28,pristine,810.19,2.7,SUCCESS
MacBook Pro 14 M1,3.8,liquid_spill,452.42,305.39,139.93,pristine,1396.47,12.9,UNREPAIRABLE
Dell Inspiron 15,17.5,logic_board_defect,661.01,532.34,117.34,pristine,1026.82,19.7,SUCCESS
iPhone 13,2.7,logic_board_defect,497.89,337.36,151.52,pristine,950.45,13.4,PARTIAL
Google Pixel 7 Pro,13.3,speaker_malfunction,95.86,41.31,41.86,poor,569.88,1.8,SUCCESS
MacBook Air M2,16.1,camera_lens_broken,152.31,69.72,67.93,pristine,1064.59,2.7,SUCCESS
Samsung Galaxy S22,8.1,battery_degraded,79.38,35.47,35.17,fair,768.01,1.6,SUCCESS
Google Pixel 8 Pro,18.1,thermal_overheating,102.76,19.52,69.93,poor,505.14,2.2,SUCCESS
Dell XPS 13 Plus,2.6,charging_port_fault,108.23,41.11,61.14,good,1428.85,3.7,SUCCESS
Dell XPS 13 Plus,2.7,keyboard_failure,184.99,101.94,76.96,good,1426.15,5.2,UNREPAIRABLE
Dell Inspiron 15,33.1,charging_port_fault,151.16,64.66,77.24,good,605.9,3.2,PARTIAL
Google Pixel 8 Pro,10.0,liquid_spill,396.23,273.48,110.38,pristine,819.18,5.7,SUCCESS
HP Spectre x360,4.4,liquid_spill,401.57,261.09,127.39,good,1380.28,5.3,UNREPAIRABLE
iPhone 15,15.3,battery_degraded,123.43,70.98,40.74,poor,542.91,1.2,SUCCESS
Google Pixel 8 Pro,28.5,thermal_overheating,101.9,43.98,49.4,poor,364.88,2.1,SUCCESS
Google Pixel 8 Pro,6.4,charging_port_fault,106.93,44.41,56.18,poor,662.94,2.1,UNREPAIRABLE
iPhone 15,19.6,liquid_spill,241.26,160.24,74.64,pristine,646.55,9.7,PARTIAL
Samsung Galaxy S22,3.6,speaker_malfunction,76.77,30.57,39.53,fair,840.84,1.9,PARTIAL
Samsung Galaxy S23 Ultra,3.0,charging_port_fault,92.24,25.61,60.26,poor,708.79,2.8,SUCCESS
Lenovo ThinkPad X1 Carbon,15.6,speaker_malfunction,136.93,72.79,50.74,pristine,1078.08,2.3,UNREPAIRABLE
Google Pixel 8 Pro,16.0,charging_port_fault,68.79,22.48,35.93,good,711.29,2.6,SUCCESS
iPhone 14 Pro,20.3,keyboard_failure,183.9,95.25,75.9,poor,475.47,3.3,SUCCESS
Lenovo ThinkPad X1 Carbon,25.3,camera_lens_broken,184.03,105.22,72.79,fair,734.72,2.9,SUCCESS
Lenovo ThinkPad X1 Carbon,69.0,liquid_spill,416.52,213.94,188.93,poor,168.64,10.2,SUCCESS
iPhone 15,15.1,liquid_spill,268.44,138.27,119.01,pristine,727.47,9.9,SUCCESS
Dell Inspiron 15,9.0,liquid_spill,556.88,374.1,167.99,fair,1130.55,11.7,SUCCESS
Samsung Galaxy S23 Ultra,30.5,logic_board_defect,498.87,309.0,175.24,poor,337.91,11.1,SUCCESS
Dell Inspiron 15,7.7,speaker_malfunction,138.02,70.96,60.6,fair,1162.11,2.3,SUCCESS
Samsung Galaxy S23,12.4,liquid_spill,388.38,265.14,114.1,good,776.02,8.1,UNREPAIRABLE
Google Pixel 8 Pro,3.5,battery_degraded,125.47,63.51,47.6,good,936.06,1.2,UNREPAIRABLE
Samsung Galaxy S23,2.5,keyboard_failure,198.83,126.02,58.09,poor,715.53,2.3,UNREPAIRABLE
MacBook Air M2,61.2,camera_lens_broken,216.13,134.34,74.1,fair,202.37,2.6,SUCCESS
Lenovo ThinkPad X1 Carbon,34.5,logic_board_defect,511.11,312.47,186.02,good,568.12,15.2,UNREPAIRABLE
iPhone 15 Pro Max,23.4,battery_degraded,119.48,63.18,46.73,fair,520.4,1.5,SUCCESS
Samsung Galaxy S22,11.5,liquid_spill,463.31,319.01,132.75,good,792.21,11.0,SUCCESS
Samsung Galaxy S23 Ultra,5.4,battery_degraded,111.8,51.73,48.08,good,901.9,1.2,UNREPAIRABLE
iPhone 13,5.1,speaker_malfunction,92.48,44.66,40.56,fair,816.56,1.1,PARTIAL
MacBook Air M2,7.2,keyboard_failure,173.13,68.5,98.31,pristine,1304.73,5.9,UNREPAIRABLE
iPhone 15,16.3,liquid_spill,305.4,178.11,118.46,good,705.89,4.8,SUCCESS
Lenovo ThinkPad X1 Carbon,24.6,charging_port_fault,136.16,52.98,74.67,fair,751.72,2.3,SUCCESS
iPhone 13,21.4,charging_port_fault,113.6,47.6,53.48,poor,460.64,2.0,SUCCESS
MacBook Pro 14 M1,7.9,speaker_malfunction,107.72,47.99,49.2,poor,964.38,2.3,SUCCESS
MacBook Pro 14 M1,57.8,logic_board_defect,720.42,509.03,201.21,good,224.85,19.6,SUCCESS
Google Pixel 7 Pro,26.1,liquid_spill,354.5,262.0,83.64,fair,476.7,4.9,SUCCESS
iPhone 13,16.5,keyboard_failure,155.21,101.05,47.84,good,702.3,3.9,SUCCESS
Lenovo ThinkPad X1 Carbon,19.0,speaker_malfunction,113.75,48.55,54.33,poor,739.76,2.8,SUCCESS
iPhone 15 Pro Max,11.8,logic_board_defect,375.59,191.2,172.26,good,786.81,15.5,UNREPAIRABLE
Dell Inspiron 15,7.1,speaker_malfunction,105.39,50.9,48.65,fair,1176.69,2.3,SUCCESS
iPhone 15,9.9,thermal_overheating,123.85,42.63,69.23,poor,615.73,1.7,SUCCESS
Dell XPS 13 Plus,27.5,liquid_spill,241.45,139.48,90.31,poor,567.75,10.2,SUCCESS
MacBook Air M2,2.3,charging_port_fault,117.93,31.84,75.92,good,1436.94,3.3,PARTIAL
Lenovo ThinkPad X1 Carbon,4.2,logic_board_defect,369.87,236.38,125.14,poor,1039.26,18.3,SUCCESS
Samsung Galaxy S22,2.8,logic_board_defect,409.27,292.87,106.29,pristine,948.65,15.9,SUCCESS
iPhone 15 Pro Max,2.7,keyboard_failure,182.84,118.75,51.68,poor,712.84,2.7,SUCCESS
iPhone 15 Pro Max,36.8,screen_cracked,277.25,217.39,45.55,fair,303.54,1.6,SUCCESS
Lenovo ThinkPad X1 Carbon,23.9,screen_cracked,352.85,227.42,116.27,good,854.13,4.1,SUCCESS
Dell XPS 13 Plus,13.6,camera_lens_broken,136.74,79.63,49.88,poor,849.03,2.2,SUCCESS
Google Pixel 7 Pro,3.9,screen_cracked,286.61,232.65,48.1,good,928.87,2.4,SUCCESS
Google Pixel 8 Pro,14.2,screen_cracked,205.83,139.03,58.12,fair,669.29,3.4,SUCCESS
Google Pixel 8 Pro,13.5,liquid_spill,369.52,258.47,103.72,pristine,756.24,10.2,SUCCESS
Samsung Galaxy S23,5.4,screen_cracked,284.28,232.16,45.07,good,901.9,3.2,SUCCESS
iPhone 13,12.2,speaker_malfunction,84.87,39.76,30.9,poor,584.71,2.3,SUCCESS
HP Spectre x360,11.2,thermal_overheating,133.59,36.98,90.27,poor,897.6,3.3,PARTIAL
Lenovo ThinkPad X1 Carbon,19.2,speaker_malfunction,96.39,36.78,52.0,fair,882.85,2.4,SUCCESS
Samsung Galaxy S23,20.1,speaker_malfunction,93.41,46.02,41.03,poor,478.17,1.2,SUCCESS
Dell Inspiron 15,2.8,battery_degraded,111.15,56.69,44.94,good,1423.45,2.0,SUCCESS
Google Pixel 8 Pro,10.4,logic_board_defect,503.72,401.32,89.04,poor,608.99,13.8,SUCCESS
Samsung Galaxy S23,19.7,charging_port_fault,78.39,22.74,42.45,good,644.75,2.1,SUCCESS
iPhone 14 Pro,14.6,screen_cracked,321.82,232.34,83.46,poor,552.35,2.8,SUCCESS
Dell Inspiron 15,36.9,charging_port_fault,90.39,31.92,49.75,fair,453.03,3.5,SUCCESS
MacBook Air M2,21.3,battery_degraded,144.14,82.63,47.49,poor,693.21,2.2,SUCCESS
Google Pixel 8 Pro,5.2,charging_port_fault,89.86,22.76,60.42,pristine,905.49,2.5,SUCCESS
MacBook Pro 14 M1,3.3,speaker_malfunction,122.68,67.03,48.5,fair,1268.96,1.6,SUCCESS
iPhone 14 Pro,20.5,logic_board_defect,388.64,212.35,168.34,fair,567.33,5.6,UNREPAIRABLE
Samsung Galaxy S22,2.5,thermal_overheating,86.94,29.37,42.63,fair,858.64,2.1,UNREPAIRABLE
Google Pixel 7 Pro,17.9,screen_cracked,332.62,238.3,80.19,pristine,677.12,2.4,SUCCESS
Google Pixel 7 Pro,52.7,camera_lens_broken,119.78,67.19,39.5,good,149.85,1.4,SUCCESS
Google Pixel 8 Pro,17.4,thermal_overheating,90.65,25.72,57.52,fair,617.5,1.7,UNREPAIRABLE
Google Pixel 7 Pro,10.8,screen_cracked,304.25,202.25,87.65,pristine,804.79,3.1,SUCCESS
Lenovo ThinkPad X1 Carbon,20.6,charging_port_fault,117.39,34.13,71.25,poor,707.38,3.9,UNREPAIRABLE
MacBook Pro 14 M1,13.0,charging_port_fault,112.77,49.81,54.87,pristine,1148.23,4.4,PARTIAL
Google Pixel 8 Pro,16.2,screen_cracked,164.09,94.44,55.47,poor,530.77,2.1,SUCCESS
iPhone 13,53.1,charging_port_fault,77.02,30.22,40.32,poor,112.39,3.1,SUCCESS
Dell XPS 13 Plus,10.8,charging_port_fault,154.31,58.36,81.53,good,1207.59,4.2,UNREPAIRABLE
Samsung Galaxy S22,60.5,battery_degraded,101.21,50.15,36.45,pristine,149.85,2.3,UNREPAIRABLE
MacBook Air M2,44.4,camera_lens_broken,162.07,70.46,79.95,good,301.0,3.2,SUCCESS
Lenovo ThinkPad X1 Carbon,5.9,charging_port_fault,133.79,42.32,76.98,poor,1004.85,2.5,UNREPAIRABLE
Samsung Galaxy S22,3.3,screen_cracked,174.86,109.13,59.32,poor,704.74,3.3,SUCCESS
Dell XPS 13 Plus,3.9,battery_degraded,140.43,61.71,67.02,poor,1045.33,2.0,UNREPAIRABLE
Dell XPS 13 Plus,2.3,camera_lens_broken,164.61,96.21,56.2,good,1436.94,1.6,SUCCESS
iPhone 15 Pro Max,3.8,speaker_malfunction,84.9,38.15,36.29,pristine,930.67,1.2,SUCCESS
iPhone 15,22.7,keyboard_failure,194.21,113.1,68.12,pristine,590.81,3.8,SUCCESS
iPhone 15 Pro Max,3.3,logic_board_defect,245.06,126.63,106.11,pristine,939.66,6.1,SUCCESS
Google Pixel 7 Pro,8.9,battery_degraded,106.57,50.21,49.71,pristine,838.96,2.2,UNREPAIRABLE
HP Spectre x360,35.5,speaker_malfunction,90.48,40.11,42.55,good,541.14,1.5,UNREPAIRABLE
iPhone 13,2.4,battery_degraded,87.95,37.23,41.44,good,955.84,1.7,SUCCESS
Samsung Galaxy S23 Ultra,32.3,keyboard_failure,125.44,65.97,46.03,poor,313.64,2.4,SUCCESS
Samsung Galaxy S23 Ultra,8.0,speaker_malfunction,91.26,39.13,43.42,pristine,855.14,1.5,SUCCESS
Samsung Galaxy S22,4.3,camera_lens_broken,94.8,53.06,36.12,good,921.68,1.6,PARTIAL
Dell Inspiron 15,23.5,battery_degraded,107.85,52.46,49.78,fair,778.43,2.6,PARTIAL
Samsung Galaxy S22,19.8,thermal_overheating,91.62,27.56,56.07,fair,578.66,2.9,SUCCESS
Samsung Galaxy S22,39.8,screen_cracked,260.35,160.34,85.52,fair,254.98,3.3,SUCCESS
Google Pixel 8 Pro,25.9,charging_port_fault,94.26,48.47,40.01,poor,399.95,1.7,SUCCESS
MacBook Air M2,31.3,speaker_malfunction,113.23,41.93,57.16,good,654.46,1.7,UNREPAIRABLE
iPhone 15,8.0,battery_degraded,103.28,52.46,37.95,pristine,855.14,1.2,SUCCESS
MacBook Pro 14 M1,5.5,thermal_overheating,121.1,51.91,58.56,poor,1012.95,2.5,SUCCESS
iPhone 15,27.0,logic_board_defect,585.37,406.27,168.01,pristine,513.49,14.6,PARTIAL
iPhone 15 Pro Max,31.6,charging_port_fault,81.48,28.26,39.32,poor,323.08,2.7,SUCCESS
Samsung Galaxy S23,72.0,liquid_spill,207.47,101.34,98.02,good,149.85,6.1,SUCCESS
Lenovo ThinkPad X1 Carbon,11.6,keyboard_failure,267.35,160.19,97.73,good,1186.01,5.9,UNREPAIRABLE
Lenovo ThinkPad X1 Carbon,10.4,camera_lens_broken,153.19,79.46,61.32,fair,1096.55,2.5,SUCCESS
Dell Inspiron 15,29.0,thermal_overheating,152.69,55.37,87.25,good,716.52,2.9,UNREPAIRABLE
iPhone 14 Pro,9.5,thermal_overheating,87.58,41.38,40.87,poor,621.13,2.2,SUCCESS
iPhone 15 Pro Max,50.1,camera_lens_broken,136.48,89.32,41.85,poor,112.39,2.3,UNREPAIRABLE
Samsung Galaxy S23,37.2,keyboard_failure,156.26,97.52,52.1,good,330.07,4.3,SUCCESS
HP Spectre x360,12.1,logic_board_defect,709.45,495.66,200.99,fair,1055.27,11.0,PARTIAL
iPhone 13,27.0,liquid_spill,358.21,238.9,114.22,poor,385.11,6.2,UNREPAIRABLE
HP Spectre x360,27.3,charging_port_fault,139.49,53.22,71.6,good,762.39,1.9,UNREPAIRABLE
MacBook Air M2,4.0,logic_board_defect,521.4,350.81,158.82,pristine,1391.07,11.8,SUCCESS
Lenovo ThinkPad X1 Carbon,43.9,speaker_malfunction,109.54,57.42,40.65,good,314.49,3.2,PARTIAL
MacBook Pro 14 M1,14.7,logic_board_defect,425.17,294.97,122.59,good,1102.36,8.2,SUCCESS
Dell XPS 13 Plus,33.5,logic_board_defect,431.94,245.91,177.83,pristine,595.1,10.1,UNREPAIRABLE
iPhone 14 Pro,8.9,screen_cracked,280.1,184.86,89.89,pristine,838.96,2.1,UNREPAIRABLE
Dell XPS 13 Plus,42.7,liquid_spill,394.67,228.05,158.04,pristine,346.87,13.0,UNREPAIRABLE
Samsung Galaxy S23 Ultra,10.9,charging_port_fault,114.1,45.22,61.29,fair,722.7,1.5,UNREPAIRABLE
Dell Inspiron 15,2.2,thermal_overheating,121.11,51.15,61.41,poor,1079.73,3.4,SUCCESS
Dell XPS 13 Plus,44.4,logic_board_defect,586.75,349.32,227.72,pristine,301.0,12.4,SUCCESS
Lenovo ThinkPad X1 Carbon,3.7,battery_degraded,127.23,75.94,45.75,good,1399.17,1.8,SUCCESS
Lenovo ThinkPad X1 Carbon,8.9,charging_port_fault,96.08,32.56,55.36,pristine,1258.86,3.0,SUCCESS
Dell XPS 13 Plus,55.9,charging_port_fault,135.07,58.55,67.0,poor,168.64,3.1,SUCCESS
iPhone 13,56.1,charging_port_fault,86.38,37.29,39.75,fair,134.87,3.0,PARTIAL
Samsung Galaxy S22,17.3,speaker_malfunction,88.95,37.87,37.16,good,687.91,1.1,SUCCESS
Dell Inspiron 15,20.0,thermal_overheating,115.67,27.97,81.41,good,959.36,3.2,SUCCESS
Samsung Galaxy S22,12.7,thermal_overheating,89.95,32.66,45.01,good,770.63,2.7,SUCCESS
MacBook Pro 14 M1,8.2,thermal_overheating,136.39,33.93,89.96,pristine,1277.75,4.0,SUCCESS
iPhone 14 Pro,9.2,speaker_malfunction,68.98,25.57,33.36,poor,625.17,1.9,PARTIAL
iPhone 15,22.1,camera_lens_broken,159.53,89.78,54.8,poor,451.2,1.8,PARTIAL
MacBook Air M2,27.1,battery_degraded,138.45,86.95,41.03,pristine,767.79,2.3,SUCCESS
Google Pixel 8 Pro,30.2,charging_port_fault,91.93,26.16,55.57,poor,341.96,1.6,UNREPAIRABLE
MacBook Pro 14 M1,30.1,charging_port_fault,140.45,43.96,83.64,good,686.84,3.3,SUCCESS
Google Pixel 8 Pro,3.7,liquid_spill,361.41,230.07,122.24,good,932.47,11.1,UNREPAIRABLE
iPhone 14 Pro,14.3,screen_cracked,258.8,167.7,85.97,fair,667.67,3.0,SUCCESS
iPhone 15,3.1,battery_degraded,128.21,72.59,43.38,poor,707.44,0.9,UNREPAIRABLE
HP Spectre x360,16.4,logic_board_defect,631.84,449.05,169.66,poor,792.37,21.2,SUCCESS
Lenovo ThinkPad X1 Carbon,12.5,screen_cracked,388.23,292.09,82.63,poor,871.29,3.9,SUCCESS
HP Spectre x360,41.4,screen_cracked,186.93,110.09,69.16,pristine,381.95,3.7,PARTIAL
Dell XPS 13 Plus,9.8,battery_degraded,133.0,69.89,49.75,pristine,1234.58,1.5,SUCCESS
Dell XPS 13 Plus,4.2,keyboard_failure,255.72,153.89,95.79,poor,1039.26,5.2,SUCCESS
HP Spectre x360,4.8,keyboard_failure,256.81,154.14,97.38,good,1369.49,3.3,PARTIAL
MacBook Air M2,27.8,charging_port_fault,125.13,46.56,67.02,poor,561.68,3.9,SUCCESS
iPhone 15 Pro Max,19.3,thermal_overheating,105.56,38.03,57.3,good,651.95,2.8,PARTIAL
Dell XPS 13 Plus,3.9,battery_degraded,147.06,73.55,60.12,pristine,1393.77,2.2,SUCCESS
Google Pixel 7 Pro,3.6,screen_cracked,174.66,81.86,87.05,pristine,934.26,2.6,SUCCESS
Google Pixel 8 Pro,23.7,camera_lens_broken,129.28,56.86,59.25,pristine,572.83,1.0,SUCCESS
iPhone 15,3.4,keyboard_failure,168.27,85.54,67.92,good,937.86,2.3,SUCCESS
Dell XPS 13 Plus,33.1,screen_cracked,230.6,130.17,85.8,poor,454.42,3.2,PARTIAL
MacBook Air M2,24.0,logic_board_defect,755.7,558.54,183.91,good,851.43,16.5,SUCCESS
Lenovo ThinkPad X1 Carbon,3.5,liquid_spill,510.04,383.66,116.85,good,1404.56,13.9,UNREPAIRABLE
iPhone 15,3.6,liquid_spill,184.98,90.51,88.41,good,934.26,9.4,UNREPAIRABLE
HP Spectre x360,72.0,charging_port_fault,134.43,46.94,80.53,good,224.85,3.6,PARTIAL
iPhone 15,10.4,speaker_malfunction,88.11,31.47,42.37,pristine,811.99,1.2,SUCCESS
Lenovo ThinkPad X1 Carbon,10.3,battery_degraded,151.86,94.16,52.66,fair,1098.98,2.7,SUCCESS
Dell XPS 13 Plus,32.2,screen_cracked,325.33,227.5,87.04,fair,567.16,4.0,UNREPAIRABLE
Dell XPS 13 Plus,55.0,charging_port_fault,119.87,31.19,73.88,pristine,224.85,3.2,SUCCESS
HP Spectre x360,72.0,liquid_spill,400.65,206.45,185.07,fair,202.37,15.9,SUCCESS
Dell XPS 13 Plus,27.2,thermal_overheating,121.87,32.36,82.41,fair,688.58,4.0,SUCCESS
Dell XPS 13 Plus,10.5,logic_board_defect,710.67,467.89,232.36,fair,1094.12,9.0,PARTIAL
MacBook Air M2,3.6,camera_lens_broken,206.54,121.13,72.93,pristine,1401.86,2.7,UNREPAIRABLE
Lenovo ThinkPad X1 Carbon,29.0,thermal_overheating,126.6,31.83,88.32,poor,537.39,3.8,SUCCESS
MacBook Air M2,16.7,screen_cracked,270.89,151.18,106.32,good,1048.4,2.4,SUCCESS
Dell XPS 13 Plus,11.9,logic_board_defect,445.41,252.88,181.06,fair,1060.12,12.1,UNREPAIRABLE
Samsung Galaxy S22,44.6,liquid_spill,340.14,207.51,123.75,poor,147.75,9.8,SUCCESS
Dell Inspiron 15,4.1,camera_lens_broken,208.45,145.27,49.07,pristine,1388.37,2.7,SUCCESS
Dell XPS 13 Plus,14.2,camera_lens_broken,200.55,125.36,65.7,fair,1004.27,2.9,SUCCESS
MacBook Air M2,2.2,battery_degraded,114.37,58.61,45.19,pristine,1439.64,2.0,SUCCESS
iPhone 14 Pro,13.4,charging_port_fault,86.71,37.52,42.65,fair,682.24,2.3,SUCCESS
Samsung Galaxy S23,3.0,screen_cracked,289.77,203.79,73.14,good,945.05,3.1,SUCCESS
Samsung Galaxy S23,4.3,thermal_overheating,77.49,21.6,45.52,pristine,921.68,1.7,PARTIAL
iPhone 15,4.3,camera_lens_broken,106.11,55.48,40.33,fair,829.51,1.5,PARTIAL
Google Pixel 7 Pro,20.9,screen_cracked,170.76,98.36,60.57,fair,560.86,2.2,SUCCESS
Samsung Galaxy S23,26.7,speaker_malfunction,110.76,52.48,44.17,good,518.88,1.5,SUCCESS
Lenovo ThinkPad X1 Carbon,17.8,camera_lens_broken,177.16,102.6,64.42,fair,916.85,2.3,SUCCESS
iPhone 15,60.9,charging_port_fault,118.65,49.15,58.2,fair,134.87,2.5,UNREPAIRABLE
iPhone 13,10.5,speaker_malfunction,96.32,50.07,33.08,pristine,810.19,2.2,UNREPAIRABLE
iPhone 15,8.1,charging_port_fault,87.8,20.71,56.51,fair,768.01,1.3,SUCCESS
MacBook Pro 14 M1,38.5,liquid_spill,538.28,404.36,125.02,good,460.19,10.3,SUCCESS
iPhone 15,6.6,thermal_overheating,90.27,15.18,61.61,poor,660.24,1.9,UNREPAIRABLE
Samsung Galaxy S23,61.5,thermal_overheating,90.74,18.18,63.61,pristine,149.85,1.7,SUCCESS
MacBook Air M2,2.2,screen_cracked,309.98,210.38,93.16,good,1439.64,2.4,UNREPAIRABLE
MacBook Air M2,65.0,camera_lens_broken,202.83,144.47,47.63,poor,168.64,2.9,SUCCESS
Samsung Galaxy S22,2.8,thermal_overheating,83.11,31.43,42.55,good,948.65,2.1,SUCCESS
MacBook Air M2,41.9,thermal_overheating,99.18,26.02,61.45,poor,276.34,3.2,SUCCESS
MacBook Pro 14 M1,15.5,screen_cracked,421.01,291.9,117.39,poor,810.58,4.8,SUCCESS
Samsung Galaxy S23 Ultra,72.0,battery_degraded,93.34,43.88,41.61,fair,134.87,1.9,SUCCESS
iPhone 15,3.4,liquid_spill,269.81,163.09,96.05,fair,844.08,8.9,PARTIAL
Dell Inspiron 15,16.5,camera_lens_broken,210.93,144.59,52.94,pristine,1053.8,2.3,SUCCESS
iPhone 14 Pro,64.7,camera_lens_broken,159.48,101.45,46.57,poor,112.39,1.5,SUCCESS
iPhone 15,15.3,logic_board_defect,503.13,403.38,94.0,poor,542.91,10.8,UNREPAIRABLE
iPhone 15 Pro Max,19.9,thermal_overheating,108.85,33.95,64.38,fair,577.04,2.7,SUCCESS
Google Pixel 7 Pro,23.4,thermal_overheating,102.07,29.16,63.26,good,578.22,1.9,SUCCESS
Google Pixel 7 Pro,12.9,battery_degraded,99.3,52.86,40.04,fair,690.33,2.0,PARTIAL
iPhone 14 Pro,19.8,charging_port_fault,94.36,36.99,51.97,pristine,642.96,2.6,SUCCESS
Dell Inspiron 15,17.8,keyboard_failure,177.26,92.53,75.03,good,1018.72,3.7,SUCCESS
Google Pixel 8 Pro,43.7,screen_cracked,168.19,86.38,74.18,good,213.19,2.2,UNREPAIRABLE
Google Pixel 7 Pro,2.8,charging_port_fault,85.18,31.3,46.36,poor,711.49,2.8,PARTIAL
HP Spectre x360,7.9,liquid_spill,406.01,281.83,119.11,pristine,1285.84,14.9,PARTIAL
HP Spectre x360,56.1,charging_port_fault,107.95,44.82,56.56,fair,202.37,3.0,SUCCESS
MacBook Pro 14 M1,41.8,battery_degraded,146.21,87.41,51.69,pristine,371.15,1.6,SUCCESS
iPhone 14 Pro,12.9,speaker_malfunction,62.79,25.67,30.65,poor,575.27,1.4,PARTIAL
iPhone 14 Pro,19.4,logic_board_defect,568.35,424.41,131.66,poor,487.61,9.9,UNREPAIRABLE
Lenovo ThinkPad X1 Carbon,7.8,logic_board_defect,728.43,584.0,137.24,pristine,1288.54,15.8,SUCCESS
Samsung Galaxy S22,5.8,charging_port_fault,115.69,43.84,59.61,good,894.7,2.0,SUCCESS
Samsung Galaxy S23,13.2,keyboard_failure,155.7,97.72,47.75,poor,571.23,2.8,SUCCESS
HP Spectre x360,9.8,thermal_overheating,145.47,47.97,87.47,poor,925.93,3.1,PARTIAL
iPhone 15,17.8,battery_degraded,98.52,56.7,32.61,pristine,678.92,2.0,PARTIAL
Lenovo ThinkPad X1 Carbon,3.5,screen_cracked,356.39,258.69,86.81,pristine,1404.56,4.6,SUCCESS
Dell XPS 13 Plus,68.0,battery_degraded,131.45,73.1,47.37,poor,168.64,2.8,SUCCESS
Google Pixel 7 Pro,72.0,speaker_malfunction,67.88,32.73,30.08,poor,112.39,1.4,PARTIAL
MacBook Air M2,23.6,liquid_spill,463.72,335.05,115.12,good,862.22,9.1,SUCCESS
Samsung Galaxy S22,15.8,camera_lens_broken,151.32,82.83,59.79,pristine,714.88,1.5,SUCCESS
Google Pixel 7 Pro,8.7,keyboard_failure,133.76,70.3,57.27,fair,758.3,3.1,UNREPAIRABLE
iPhone 13,32.3,keyboard_failure,206.76,112.65,82.97,good,418.18,2.4,PARTIAL
MacBook Air M2,22.8,screen_cracked,276.33,142.72,119.35,fair,795.43,1.8,SUCCESS
Samsung Galaxy S22,5.2,battery_degraded,83.46,37.88,34.44,pristine,905.49,0.8,SUCCESS
Google Pixel 7 Pro,45.5,logic_board_defect,499.69,354.83,139.75,pristine,180.82,15.8,SUCCESS
Lenovo ThinkPad X1 Carbon,33.1,thermal_overheating,93.88,31.83,55.36,fair,545.31,3.4,PARTIAL
iPhone 15 Pro Max,55.9,camera_lens_broken,103.46,56.75,35.01,pristine,149.85,1.7,SUCCESS
Samsung Galaxy S22,25.3,liquid_spill,341.33,209.08,118.95,good,544.06,4.3,UNREPAIRABLE
HP Spectre x360,19.1,camera_lens_broken,172.36,86.84,74.77,pristine,983.64,2.3,SUCCESS
Samsung Galaxy S23 Ultra,11.8,charging_port_fault,84.97,32.21,38.19,poor,590.11,1.5,PARTIAL
HP Spectre x360,50.6,thermal_overheating,143.03,53.18,77.28,pristine,224.85,3.9,SUCCESS
Dell Inspiron 15,38.2,keyboard_failure,259.1,141.11,109.16,good,468.29,5.7,SUCCESS
Dell Inspiron 15,2.8,liquid_spill,450.83,331.68,105.83,poor,1067.59,9.3,UNREPAIRABLE
iPhone 13,2.5,logic_board_defect,306.2,150.69,147.37,fair,858.64,13.8,SUCCESS
iPhone 13,10.5,logic_board_defect,347.29,180.32,154.62,fair,729.17,15.1,SUCCESS
Lenovo ThinkPad X1 Carbon,31.9,logic_board_defect,395.69,254.12,135.37,fair,574.45,10.7,SUCCESS
iPhone 15,72.0,keyboard_failure,185.89,99.11,75.57,pristine,149.85,3.1,SUCCESS
Google Pixel 8 Pro,4.9,logic_board_defect,466.69,281.97,178.44,fair,819.8,15.0,PARTIAL
Google Pixel 7 Pro,18.2,speaker_malfunction,92.23,39.35,38.11,fair,604.55,1.5,SUCCESS
Dell XPS 13 Plus,10.6,thermal_overheating,129.41,38.88,81.91,poor,909.74,1.9,SUCCESS
Lenovo ThinkPad X1 Carbon,65.1,logic_board_defect,395.7,245.38,143.48,good,224.85,11.2,SUCCESS
Samsung Galaxy S22,35.2,liquid_spill,317.28,186.39,120.18,pristine,366.03,6.9,SUCCESS
MacBook Pro 14 M1,34.8,liquid_spill,539.62,374.31,158.85,pristine,560.03,14.2,SUCCESS
Dell XPS 13 Plus,13.4,charging_port_fault,101.8,46.16,47.64,good,1137.44,2.7,SUCCESS
Google Pixel 7 Pro,11.6,screen_cracked,225.77,143.74,76.07,pristine,790.41,2.0,UNREPAIRABLE
Dell XPS 13 Plus,7.7,camera_lens_broken,147.08,78.55,59.41,good,1291.24,2.8,SUCCESS
Samsung Galaxy S23,3.0,liquid_spill,342.92,222.68,111.99,good,945.05,8.8,SUCCESS
Google Pixel 7 Pro,38.0,keyboard_failure,189.43,111.98,62.88,pristine,315.68,2.4,UNREPAIRABLE
Lenovo ThinkPad X1 Carbon,32.2,charging_port_fault,143.59,52.94,84.86,pristine,630.18,3.1,SUCCESS
Samsung Galaxy S23,72.0,liquid_spill,288.22,162.1,112.24,pristine,149.85,9.9,SUCCESS
Dell Inspiron 15,72.0,camera_lens_broken,201.79,124.68,64.83,poor,168.64,2.1,SUCCESS
MacBook Air M2,16.6,logic_board_defect,789.19,580.96,202.59,poor,788.32,7.8,SUCCESS
HP Spectre x360,28.4,keyboard_failure,196.52,126.73,62.17,poor,549.53,4.4,SUCCESS
iPhone 14 Pro,54.1,battery_degraded,123.44,64.47,47.71,good,149.85,1.2,SUCCESS
iPhone 14 Pro,36.1,thermal_overheating,90.69,40.16,40.86,good,349.85,2.9,SUCCESS
Lenovo ThinkPad X1 Carbon,7.1,thermal_overheating,145.31,58.11,76.22,fair,1176.69,2.8,PARTIAL
MacBook Air M2,12.8,speaker_malfunction,117.82,54.95,53.45,fair,1038.27,1.7,SUCCESS
Samsung Galaxy S23,4.5,speaker_malfunction,75.21,32.79,34.55,fair,826.27,1.4,SUCCESS
Google Pixel 7 Pro,57.4,screen_cracked,268.15,190.04,67.14,pristine,149.85,3.0,SUCCESS
Dell Inspiron 15,18.8,screen_cracked,310.77,226.41,72.21,fair,892.56,4.5,SUCCESS
MacBook Air M2,6.7,speaker_malfunction,123.75,67.3,44.97,good,1318.22,1.7,SUCCESS
Google Pixel 7 Pro,22.0,logic_board_defect,431.14,256.26,165.35,pristine,603.4,6.9,PARTIAL
Dell XPS 13 Plus,19.3,keyboard_failure,157.4,87.78,61.8,fair,880.42,3.0,SUCCESS
iPhone 14 Pro,10.0,keyboard_failure,170.6,108.17,54.31,good,819.18,2.5,SUCCESS
Dell Inspiron 15,4.2,keyboard_failure,268.74,175.28,85.79,fair,1247.11,5.3,SUCCESS
Samsung Galaxy S22,22.0,battery_degraded,99.29,59.44,33.63,pristine,603.4,1.8,SUCCESS
Dell Inspiron 15,15.2,liquid_spill,439.63,240.98,186.3,fair,979.99,8.6,SUCCESS
iPhone 15,28.6,thermal_overheating,92.52,34.98,46.25,good,484.71,2.6,SUCCESS
iPhone 15 Pro Max,15.2,thermal_overheating,85.41,30.63,47.6,poor,544.26,2.3,UNREPAIRABLE
iPhone 15,36.4,liquid_spill,334.42,235.57,85.96,poor,258.34,5.3,SUCCESS
iPhone 15 Pro Max,16.4,screen_cracked,255.63,172.97,76.08,poor,528.07,2.7,SUCCESS
iPhone 15,16.8,camera_lens_broken,175.44,105.16,59.92,fair,627.21,1.7,UNREPAIRABLE
iPhone 15,39.7,charging_port_fault,91.47,34.64,44.5,good,285.11,2.6,SUCCESS
iPhone 15 Pro Max,11.3,speaker_malfunction,75.72,35.75,32.02,pristine,795.8,2.0,PARTIAL
Dell XPS 13 Plus,4.6,keyboard_failure,172.97,88.0,70.83,good,1374.88,4.2,PARTIAL
Google Pixel 7 Pro,2.5,charging_port_fault,66.73,22.07,39.65,good,954.04,1.9,SUCCESS
MacBook Air M2,27.3,thermal_overheating,109.32,35.6,61.51,fair,686.15,2.4,SUCCESS
MacBook Air M2,19.4,thermal_overheating,122.94,53.42,61.69,fair,877.99,3.7,PARTIAL
Samsung Galaxy S22,23.9,camera_lens_broken,109.54,47.73,48.08,fair,512.31,1.5,SUCCESS
iPhone 13,6.3,battery_degraded,100.06,56.84,31.98,pristine,885.71,1.9,PARTIAL
MacBook Pro 14 M1,4.6,logic_board_defect,331.58,183.87,137.8,fair,1237.39,17.1,UNREPAIRABLE
HP Spectre x360,2.3,battery_degraded,146.37,75.68,57.75,pristine,1436.94,2.1,SUCCESS
iPhone 15 Pro Max,9.8,logic_board_defect,453.98,294.58,153.43,fair,740.5,13.9,PARTIAL
Dell XPS 13 Plus,18.0,liquid_spill,400.53,286.58,101.46,fair,911.99,11.0,PARTIAL
Samsung Galaxy S22,11.0,battery_degraded,117.68,69.48,41.53,pristine,801.2,1.9,SUCCESS
iPhone 14 Pro,12.4,thermal_overheating,91.2,27.05,50.13,pristine,776.02,2.2,SUCCESS
Google Pixel 7 Pro,44.2,camera_lens_broken,151.86,99.14,45.31,good,204.2,2.3,PARTIAL
Google Pixel 7 Pro,9.7,liquid_spill,294.88,176.26,104.02,pristine,824.57,9.9,SUCCESS
iPhone 15 Pro Max,15.0,screen_cracked,317.08,237.27,71.81,good,729.27,3.0,SUCCESS
iPhone 13,29.6,liquid_spill,358.67,286.82,61.74,good,466.73,10.8,PARTIAL
MacBook Pro 14 M1,11.1,charging_port_fault,104.27,30.82,65.89,fair,1079.55,2.3,SUCCESS
Samsung Galaxy S23 Ultra,19.5,battery_degraded,108.78,60.67,41.38,good,648.35,1.0,SUCCESS
Lenovo ThinkPad X1 Carbon,37.7,battery_degraded,146.24,83.41,48.61,poor,361.33,2.5,SUCCESS
Samsung Galaxy S23,55.8,camera_lens_broken,158.98,101.59,45.86,fair,134.87,2.2,UNREPAIRABLE
MacBook Pro 14 M1,4.9,screen_cracked,354.73,244.92,99.16,good,1366.79,2.3,PARTIAL
Samsung Galaxy S23,49.0,thermal_overheating,91.28,35.93,44.6,pristine,149.85,3.0,PARTIAL
iPhone 15,14.2,liquid_spill,324.71,189.35,122.91,pristine,743.66,5.2,PARTIAL
Google Pixel 7 Pro,7.4,speaker_malfunction,79.45,32.88,35.98,fair,779.34,1.7,SUCCESS
Google Pixel 8 Pro,13.1,speaker_malfunction,83.23,44.57,32.94,fair,687.09,1.9,SUCCESS
Dell Inspiron 15,72.0,speaker_malfunction,114.54,46.85,59.21,pristine,224.85,1.7,SUCCESS
Samsung Galaxy S23,14.2,camera_lens_broken,123.64,81.57,35.61,pristine,743.66,1.9,PARTIAL
iPhone 15 Pro Max,9.2,liquid_spill,231.39,135.93,89.91,poor,625.17,10.4,UNREPAIRABLE
MacBook Pro 14 M1,20.1,charging_port_fault,152.15,62.18,80.47,poor,717.5,2.3,SUCCESS
iPhone 15 Pro Max,6.9,camera_lens_broken,112.91,54.63,48.45,good,874.92,1.4,PARTIAL
Dell XPS 13 Plus,3.4,charging_port_fault,136.16,55.15,74.31,poor,1055.45,3.2,SUCCESS
Samsung Galaxy S23 Ultra,4.5,liquid_spill,389.84,271.51,109.44,poor,688.56,4.6,SUCCESS
Samsung Galaxy S23 Ultra,4.5,camera_lens_broken,146.07,100.5,35.48,fair,826.27,2.5,SUCCESS
Dell XPS 13 Plus,5.0,battery_degraded,170.42,102.16,53.59,fair,1227.68,1.9,PARTIAL
Google Pixel 7 Pro,4.7,screen_cracked,181.33,86.36,86.5,fair,823.04,2.2,SUCCESS
Samsung Galaxy S23,20.4,camera_lens_broken,132.26,83.77,40.91,poor,474.13,2.6,UNREPAIRABLE
Samsung Galaxy S22,5.6,screen_cracked,325.14,231.06,87.71,pristine,898.3,1.9,UNREPAIRABLE
Dell XPS 13 Plus,9.6,speaker_malfunction,119.8,54.84,54.23,pristine,1239.97,2.8,SUCCESS
Samsung Galaxy S22,42.9,logic_board_defect,543.55,420.21,112.93,fair,204.81,10.8,PARTIAL
Dell Inspiron 15,13.6,liquid_spill,518.66,389.33,114.37,fair,1018.84,13.1,SUCCESS
Dell Inspiron 15,21.8,charging_port_fault,131.89,53.58,70.13,poor,683.09,2.1,SUCCESS
HP Spectre x360,5.4,charging_port_fault,144.13,56.45,78.25,pristine,1353.3,3.8,SUCCESS
HP Spectre x360,5.8,logic_board_defect,373.74,229.7,133.37,good,1342.5,8.4,PARTIAL
iPhone 13,2.8,liquid_spill,218.66,143.11,62.09,fair,853.79,5.0,PARTIAL
Google Pixel 8 Pro,5.3,camera_lens_broken,106.66,52.88,44.69,fair,813.33,1.5,SUCCESS
iPhone 15 Pro Max,7.9,logic_board_defect,542.6,433.57,102.26,fair,771.25,12.2,SUCCESS
Google Pixel 8 Pro,5.5,keyboard_failure,197.05,105.03,79.67,poor,675.07,4.3,PARTIAL
Samsung Galaxy S22,3.7,camera_lens_broken,132.16,67.59,58.48,poor,699.35,2.0,PARTIAL
Google Pixel 8 Pro,4.3,screen_cracked,285.37,220.44,56.06,poor,691.26,3.1,PARTIAL
Dell Inspiron 15,13.1,screen_cracked,243.12,149.01,87.45,good,1145.54,4.7,SUCCESS
Samsung Galaxy S23 Ultra,6.2,screen_cracked,286.07,190.39,85.67,poor,665.63,2.6,UNREPAIRABLE
iPhone 14 Pro,10.2,thermal_overheating,77.37,19.06,52.41,fair,734.03,2.0,SUCCESS
Samsung Galaxy S23,14.6,charging_port_fault,90.5,41.55,38.71,good,736.46,1.7,SUCCESS
Samsung Galaxy S22,23.1,thermal_overheating,88.81,33.36,44.8,fair,525.25,2.1,SUCCESS
MacBook Air M2,2.7,charging_port_fault,98.98,33.57,53.11,good,1426.15,3.3,SUCCESS
Google Pixel 8 Pro,30.9,logic_board_defect,428.08,326.73,91.76,good,443.36,6.3,SUCCESS
Lenovo ThinkPad X1 Carbon,19.8,keyboard_failure,196.36,126.2,61.06,pristine,964.76,5.6,SUCCESS
iPhone 15,3.5,screen_cracked,195.63,119.15,69.63,fair,842.46,2.9,SUCCESS
iPhone 15 Pro Max,39.2,camera_lens_broken,113.12,42.57,56.35,good,294.11,2.4,SUCCESS
iPhone 15 Pro Max,47.7,battery_degraded,99.81,53.76,33.56,fair,134.87,1.9,SUCCESS
Samsung Galaxy S23,3.1,screen_cracked,166.8,94.9,58.47,poor,707.44,2.2,SUCCESS
iPhone 15,7.8,logic_board_defect,374.67,275.37,92.2,pristine,858.74,14.4,PARTIAL
iPhone 13,31.5,screen_cracked,187.22,97.49,77.84,pristine,432.57,3.2,UNREPAIRABLE
HP Spectre x360,26.8,logic_board_defect,585.84,352.25,222.45,good,775.88,10.8,SUCCESS
Google Pixel 8 Pro,5.7,thermal_overheating,99.71,36.88,54.93,fair,806.85,3.1,UNREPAIRABLE
iPhone 13,6.2,screen_cracked,179.82,98.91,65.92,fair,798.76,3.4,PARTIAL
Samsung Galaxy S22,10.3,screen_cracked,211.45,133.41,70.22,fair,732.41,2.5,UNREPAIRABLE
Dell Inspiron 15,13.9,battery_degraded,129.09,65.95,54.18,good,1123.95,1.5,SUCCESS
MacBook Pro 14 M1,19.3,screen_cracked,373.23,287.72,72.54,pristine,978.25,4.7,SUCCESS
MacBook Air M2,10.3,charging_port_fault,131.99,46.5,72.65,good,1221.09,4.0,SUCCESS
Samsung Galaxy S22,13.2,screen_cracked,282.86,213.62,58.47,poor,571.23,2.9,SUCCESS
Samsung Galaxy S23,26.8,camera_lens_broken,93.7,44.63,38.73,pristine,517.08,2.2,UNREPAIRABLE
iPhone 14 Pro,2.7,speaker_malfunction,67.69,30.62,31.75,good,950.45,1.7,UNREPAIRABLE
Samsung Galaxy S22,7.2,battery_degraded,100.14,57.37,34.75,fair,782.58,1.9,PARTIAL
iPhone 15,24.5,camera_lens_broken,163.44,94.95,54.44,poor,418.83,2.4,SUCCESS
iPhone 14 Pro,42.6,liquid_spill,279.6,168.23,98.68,good,232.97,10.9,SUCCESS
iPhone 15,14.9,thermal_overheating,87.39,35.3,43.98,poor,548.3,2.7,SUCCESS
iPhone 15 Pro Max,15.7,battery_degraded,108.56,50.0,47.78,good,716.68,1.4,SUCCESS
Samsung Galaxy S23 Ultra,4.0,liquid_spill,245.38,163.8,75.4,pristine,927.07,6.2,UNREPAIRABLE
iPhone 14 Pro,12.7,charging_port_fault,72.17,28.21,35.46,fair,693.57,2.5,PARTIAL
Samsung Galaxy S23,15.7,logic_board_defect,328.28,166.71,150.44,poor,537.51,8.0,SUCCESS
Samsung Galaxy S23,7.0,thermal_overheating,77.75,28.31,43.9,poor,654.84,2.4,SUCCESS
Samsung Galaxy S22,7.6,speaker_malfunction,77.87,30.37,38.94,pristine,862.34,2.0,PARTIAL
Samsung Galaxy S23,10.5,liquid_spill,373.96,253.97,113.67,pristine,810.19,8.7,PARTIAL
Lenovo ThinkPad X1 Carbon,2.4,keyboard_failure,169.98,78.0,77.51,pristine,1434.24,5.2,SUCCESS
iPhone 14 Pro,9.0,logic_board_defect,550.33,421.24,119.21,good,837.16,12.9,SUCCESS
iPhone 15,6.3,keyboard_failure,133.93,59.03,64.15,good,885.71,4.0,PARTIAL
Google Pixel 7 Pro,9.1,battery_degraded,107.88,53.26,44.29,poor,626.52,1.3,SUCCESS
Samsung Galaxy S22,4.3,speaker_malfunction,72.9,32.16,33.66,poor,691.26,1.2,SUCCESS
Dell XPS 13 Plus,41.8,speaker_malfunction,126.46,65.51,49.32,fair,334.04,2.5,SUCCESS
iPhone 15,18.2,keyboard_failure,136.07,59.15,68.84,pristine,671.73,2.6,SUCCESS
Samsung Galaxy S22,22.5,battery_degraded,117.08,61.92,43.71,good,594.4,2.0,SUCCESS
iPhone 15 Pro Max,30.0,battery_degraded,89.18,44.79,32.78,poor,344.66,1.9,SUCCESS
Google Pixel 8 Pro,14.4,thermal_overheating,92.92,23.75,58.47,good,740.06,2.0,SUCCESS
HP Spectre x360,3.6,logic_board_defect,810.72,571.19,234.45,poor,1051.4,17.8,PARTIAL
Google Pixel 7 Pro,15.9,speaker_malfunction,105.25,50.43,42.79,poor,534.81,1.5,SUCCESS
Lenovo ThinkPad X1 Carbon,17.9,camera_lens_broken,129.32,64.37,56.77,pristine,1016.02,1.5,UNREPAIRABLE
Samsung Galaxy S22,26.6,speaker_malfunction,83.48,36.45,38.18,fair,468.61,1.7,PARTIAL
HP Spectre x360,12.2,camera_lens_broken,191.56,133.38,52.46,fair,1052.84,3.6,SUCCESS
iPhone 15 Pro Max,4.5,charging_port_fault,102.66,41.64,49.6,poor,688.56,2.6,SUCCESS
Samsung Galaxy S22,8.0,keyboard_failure,203.55,121.49,72.82,pristine,855.14,4.5,PARTIAL
Lenovo ThinkPad X1 Carbon,10.1,keyboard_failure,189.36,109.05,72.94,pristine,1226.48,3.8,UNREPAIRABLE
Google Pixel 7 Pro,20.7,logic_board_defect,398.89,255.58,134.62,pristine,626.77,9.5,UNREPAIRABLE
MacBook Pro 14 M1,17.2,keyboard_failure,246.61,171.37,65.07,good,1034.91,5.3,SUCCESS
Google Pixel 7 Pro,9.9,battery_degraded,94.18,46.04,42.61,good,820.98,1.9,PARTIAL
Samsung Galaxy S23,72.0,thermal_overheating,100.96,38.36,54.07,good,149.85,2.3,SUCCESS
Dell Inspiron 15,18.8,logic_board_defect,414.9,290.84,112.77,good,991.74,20.8,SUCCESS
MacBook Pro 14 M1,6.9,charging_port_fault,133.88,50.2,73.83,poor,984.62,2.9,SUCCESS
iPhone 14 Pro,3.9,thermal_overheating,85.96,17.31,63.51,good,928.87,2.1,SUCCESS
iPhone 15,5.0,charging_port_fault,117.3,47.3,57.17,fair,818.18,2.5,SUCCESS
iPhone 13,7.1,keyboard_failure,144.9,64.46,66.1,fair,784.2,2.6,PARTIAL
iPhone 14 Pro,5.2,keyboard_failure,182.52,110.22,61.52,fair,814.94,3.2,SUCCESS
Lenovo ThinkPad X1 Carbon,5.7,camera_lens_broken,125.06,59.13,56.17,pristine,1345.2,2.8,SUCCESS
Google Pixel 8 Pro,8.0,thermal_overheating,90.41,22.01,60.51,pristine,855.14,2.0,SUCCESS
Dell Inspiron 15,5.4,keyboard_failure,197.93,108.76,77.8,poor,1014.97,5.0,PARTIAL
Lenovo ThinkPad X1 Carbon,42.9,speaker_malfunction,123.71,58.47,53.7,poor,256.1,1.6,SUCCESS
Samsung Galaxy S22,3.5,keyboard_failure,195.18,111.85,74.96,fair,842.46,4.0,PARTIAL
Dell XPS 13 Plus,15.4,charging_port_fault,97.62,39.69,47.68,pristine,1083.48,1.8,SUCCESS
MacBook Air M2,11.5,keyboard_failure,219.76,105.46,99.91,poor,891.53,3.3,SUCCESS
MacBook Air M2,72.0,liquid_spill,578.1,416.63,149.91,fair,202.37,12.8,SUCCESS
HP Spectre x360,4.1,charging_port_fault,148.24,63.29,75.42,poor,1041.28,2.6,UNREPAIRABLE
Samsung Galaxy S23 Ultra,11.1,speaker_malfunction,98.55,45.77,40.01,poor,599.55,1.7,SUCCESS
Samsung Galaxy S22,64.8,speaker_malfunction,75.8,34.98,30.9,pristine,149.85,1.9,SUCCESS
HP Spectre x360,38.1,liquid_spill,422.41,311.0,100.27,pristine,470.99,10.5,SUCCESS
iPhone 15,32.6,keyboard_failure,161.55,107.23,49.13,good,412.79,2.3,SUCCESS
Google Pixel 8 Pro,7.4,charging_port_fault,82.92,39.59,35.03,fair,779.34,1.6,UNREPAIRABLE
Samsung Galaxy S22,5.4,screen_cracked,257.02,162.46,87.3,poor,676.42,2.5,PARTIAL
Samsung Galaxy S22,21.9,keyboard_failure,131.66,59.7,66.41,good,605.19,4.4,SUCCESS
MacBook Air M2,49.7,battery_degraded,140.02,69.45,63.54,good,224.85,2.2,UNREPAIRABLE
Google Pixel 7 Pro,16.6,screen_cracked,321.42,234.8,74.73,poor,525.37,2.1,UNREPAIRABLE
Google Pixel 8 Pro,17.3,battery_degraded,128.55,74.83,38.76,poor,515.93,0.9,UNREPAIRABLE
iPhone 13,7.9,keyboard_failure,163.18,81.1,76.71,pristine,856.94,3.7,SUCCESS
iPhone 15 Pro Max,28.4,camera_lens_broken,144.91,95.14,36.07,pristine,488.31,1.5,UNREPAIRABLE
Google Pixel 7 Pro,5.7,charging_port_fault,89.41,42.23,41.99,pristine,896.5,1.9,UNREPAIRABLE
HP Spectre x360,9.0,screen_cracked,270.14,160.42,100.16,good,1256.16,2.3,SUCCESS
iPhone 14 Pro,12.0,battery_degraded,116.97,71.8,32.13,fair,704.89,1.8,SUCCESS
Samsung Galaxy S22,14.8,camera_lens_broken,169.72,96.81,59.55,fair,659.58,2.0,SUCCESS
Dell Inspiron 15,7.0,liquid_spill,510.52,358.79,145.05,fair,1179.11,8.8,SUCCESS
Samsung Galaxy S23,4.2,thermal_overheating,72.42,19.95,47.31,pristine,923.48,2.2,SUCCESS
Google Pixel 8 Pro,19.0,battery_degraded,80.82,35.29,33.59,good,657.34,1.3,SUCCESS
Dell Inspiron 15,8.1,keyboard_failure,228.53,142.27,71.88,pristine,1280.45,5.0,SUCCESS
MacBook Pro 14 M1,17.7,screen_cracked,350.3,236.79,104.32,good,1021.42,3.4,SUCCESS
Google Pixel 7 Pro,5.0,liquid_spill,285.77,134.14,138.93,fair,818.18,12.0,SUCCESS
MacBook Air M2,13.8,liquid_spill,316.01,207.33,101.92,pristine,1126.65,14.3,SUCCESS
MacBook Air M2,15.7,screen_cracked,208.58,119.67,82.87,pristine,1075.38,2.5,SUCCESS
iPhone 15 Pro Max,3.0,thermal_overheating,93.29,20.28,63.56,fair,850.55,2.0,UNREPAIRABLE
MacBook Pro 14 M1,9.4,camera_lens_broken,173.34,93.6,72.46,poor,934.03,3.1,SUCCESS
iPhone 13,4.6,speaker_malfunction,100.63,51.1,35.63,pristine,916.28,1.3,SUCCESS
iPhone 14 Pro,3.2,liquid_spill,408.4,303.41,96.4,fair,847.31,6.9,UNREPAIRABLE
Samsung Galaxy S23 Ultra,72.0,liquid_spill,239.42,167.26,62.57,poor,112.39,8.5,SUCCESS
iPhone 14 Pro,9.0,camera_lens_broken,112.47,55.39,42.38,fair,753.45,1.6,PARTIAL
Lenovo ThinkPad X1 Carbon,31.9,liquid_spill,329.69,148.35,173.55,pristine,638.27,11.2,SUCCESS
Dell XPS 13 Plus,7.3,speaker_malfunction,123.04,63.57,45.49,fair,1171.83,2.0,PARTIAL
Samsung Galaxy S22,22.6,screen_cracked,165.69,86.41,66.18,pristine,592.61,2.8,SUCCESS
Dell XPS 13 Plus,27.7,battery_degraded,128.06,74.74,46.99,pristine,751.6,1.8,SUCCESS
Samsung Galaxy S23 Ultra,18.3,liquid_spill,318.69,238.96,67.26,pristine,669.93,7.8,PARTIAL
iPhone 15 Pro Max,13.5,keyboard_failure,147.28,87.1,50.54,good,756.24,3.6,UNREPAIRABLE
MacBook Air M2,11.6,screen_cracked,368.14,293.84,65.04,poor,889.51,4.4,SUCCESS
Samsung Galaxy S23 Ultra,9.7,thermal_overheating,92.79,32.26,46.21,good,824.57,2.7,UNREPAIRABLE
Google Pixel 7 Pro,49.7,camera_lens_broken,146.68,102.16,37.77,good,149.85,1.7,SUCCESS
Google Pixel 7 Pro,34.0,battery_degraded,115.48,60.23,45.47,poor,290.71,1.1,UNREPAIRABLE
Dell Inspiron 15,62.4,liquid_spill,524.08,355.36,163.18,pristine,224.85,9.3,SUCCESS
Samsung Galaxy S23,4.4,camera_lens_broken,130.42,71.67,47.54,good,919.88,2.3,SUCCESS
Dell Inspiron 15,25.6,battery_degraded,137.64,58.69,64.37,fair,727.43,1.5,SUCCESS
iPhone 15,52.2,battery_degraded,89.17,42.41,32.24,fair,134.87,1.0,PARTIAL
iPhone 15 Pro Max,5.6,logic_board_defect,418.08,257.46,148.24,pristine,898.3,15.3,SUCCESS
iPhone 15 Pro Max,3.2,logic_board_defect,275.38,182.39,82.2,good,941.46,14.2,SUCCESS
MacBook Air M2,26.3,camera_lens_broken,180.33,99.94,69.72,pristine,789.37,2.6,SUCCESS
HP Spectre x360,17.4,logic_board_defect,390.14,238.51,143.1,poor,772.13,14.4,SUCCESS
Google Pixel 8 Pro,35.2,charging_port_fault,90.31,38.56,39.82,fair,329.43,2.1,UNREPAIRABLE
MacBook Air M2,4.7,charging_port_fault,94.22,33.53,51.99,pristine,1372.18,4.2,SUCCESS
iPhone 13,30.5,thermal_overheating,110.93,36.21,59.97,pristine,450.55,2.8,PARTIAL
Google Pixel 7 Pro,6.1,logic_board_defect,249.14,160.09,82.49,pristine,889.31,15.6,SUCCESS
Dell XPS 13 Plus,5.2,thermal_overheating,138.85,59.76,67.42,good,1358.69,3.5,PARTIAL
Dell Inspiron 15,5.2,keyboard_failure,176.15,104.08,66.82,poor,1019.02,4.0,SUCCESS
MacBook Pro 14 M1,32.3,liquid_spill,357.92,259.97,90.99,fair,564.73,6.2,SUCCESS
iPhone 15,21.7,thermal_overheating,110.69,40.48,60.31,pristine,608.79,3.4,SUCCESS
MacBook Pro 14 M1,15.3,thermal_overheating,158.11,58.46,90.79,pristine,1086.18,2.6,SUCCESS
iPhone 15 Pro Max,10.0,logic_board_defect,358.51,233.82,110.81,fair,737.26,10.1,UNREPAIRABLE
Dell XPS 13 Plus,39.7,speaker_malfunction,126.6,66.3,46.34,pristine,427.81,2.9,UNREPAIRABLE
iPhone 14 Pro,11.0,battery_degraded,91.85,41.46,36.06,good,801.2,2.1,SUCCESS
MacBook Pro 14 M1,32.5,speaker_malfunction,96.8,37.33,48.79,pristine,622.09,2.6,UNREPAIRABLE
HP Spectre x360,12.4,charging_port_fault,124.07,35.07,80.96,good,1164.42,2.7,PARTIAL
Google Pixel 7 Pro,10.5,keyboard_failure,156.15,67.96,76.65,pristine,810.19,2.3,SUCCESS
HP Spectre x360,13.2,logic_board_defect,532.17,347.84,174.4,poor,857.13,16.9,SUCCESS
iPhone 15,8.5,camera_lens_broken,142.99,80.67,49.14,pristine,846.15,2.5,UNREPAIRABLE
Samsung Galaxy S23,26.8,thermal_overheating,87.13,36.99,40.53,fair,465.37,2.1,SUCCESS
Dell XPS 13 Plus,14.6,charging_port_fault,98.76,41.47,49.39,good,1105.06,3.0,SUCCESS
Google Pixel 7 Pro,6.8,battery_degraded,111.68,58.12,45.33,fair,789.05,1.0,PARTIAL
Samsung Galaxy S23,43.4,logic_board_defect,364.51,209.58,149.8,good,218.58,9.1,SUCCESS
Google Pixel 7 Pro,10.7,logic_board_defect,378.13,243.09,128.49,poor,604.94,9.2,SUCCESS
iPhone 13,16.1,liquid_spill,387.16,272.87,104.69,poor,532.12,10.0,SUCCESS
iPhone 15,44.7,battery_degraded,133.49,71.85,48.47,good,195.2,1.4,SUCCESS
HP Spectre x360,19.6,thermal_overheating,125.32,51.18,67.85,poor,727.61,3.2,SUCCESS
Dell XPS 13 Plus,4.2,charging_port_fault,127.2,54.87,59.7,pristine,1385.68,2.9,UNREPAIRABLE
iPhone 15,52.6,battery_degraded,85.67,35.85,39.69,poor,112.39,1.3,UNREPAIRABLE
iPhone 15 Pro Max,19.8,keyboard_failure,128.83,59.51,55.12,poor,482.22,2.4,SUCCESS
iPhone 13,9.3,liquid_spill,229.1,132.5,88.12,good,831.77,5.1,PARTIAL
iPhone 14 Pro,4.7,thermal_overheating,103.98,38.42,58.39,poor,685.86,2.0,PARTIAL
iPhone 13,30.4,logic_board_defect,345.6,176.69,155.4,fair,407.11,5.3,PARTIAL
Google Pixel 8 Pro,19.4,camera_lens_broken,137.74,88.87,39.63,good,650.15,1.8,SUCCESS
Google Pixel 7 Pro,15.7,liquid_spill,317.27,183.74,120.91,fair,645.01,6.6,SUCCESS
Dell XPS 13 Plus,42.4,logic_board_defect,534.68,410.2,113.48,good,354.96,11.4,SUCCESS
Samsung Galaxy S23 Ultra,30.0,keyboard_failure,143.75,68.07,61.29,poor,344.66,4.5,SUCCESS
Samsung Galaxy S23,5.0,charging_port_fault,82.03,20.38,55.22,poor,681.82,2.5,SUCCESS
Samsung Galaxy S22,8.7,battery_degraded,123.21,68.36,47.85,fair,758.3,1.2,SUCCESS
Lenovo ThinkPad X1 Carbon,7.1,speaker_malfunction,110.62,38.72,57.47,good,1307.43,2.3,UNREPAIRABLE
Samsung Galaxy S23,26.5,keyboard_failure,192.42,103.33,83.01,fair,470.23,4.6,SUCCESS
Samsung Galaxy S23 Ultra,2.6,keyboard_failure,169.89,89.78,70.13,poor,714.19,2.1,SUCCESS
iPhone 15 Pro Max,17.2,charging_port_fault,98.47,31.48,55.38,poor,517.28,1.9,SUCCESS
Google Pixel 7 Pro,27.9,keyboard_failure,174.94,113.42,53.08,good,497.3,3.7,PARTIAL
Lenovo ThinkPad X1 Carbon,39.7,thermal_overheating,144.47,42.39,92.58,poor,320.86,2.1,SUCCESS
Lenovo ThinkPad X1 Carbon,9.5,speaker_malfunction,99.54,51.67,41.23,good,1242.67,1.8,UNREPAIRABLE
Samsung Galaxy S22,33.0,charging_port_fault,86.58,29.37,46.67,pristine,405.59,2.8,UNREPAIRABLE
Google Pixel 7 Pro,4.1,keyboard_failure,181.95,88.07,79.17,pristine,925.27,3.3,PARTIAL
MacBook Pro 14 M1,35.7,camera_lens_broken,191.77,126.43,56.85,fair,482.17,1.6,SUCCESS
Dell XPS 13 Plus,4.5,screen_cracked,380.52,273.28,98.73,good,1377.58,3.1,SUCCESS
MacBook Air M2,11.1,liquid_spill,355.51,198.38,150.99,poor,899.62,12.2,SUCCESS
iPhone 14 Pro,30.7,screen_cracked,218.03,166.15,46.68,pristine,446.95,2.9,SUCCESS
Google Pixel 8 Pro,4.9,screen_cracked,311.63,237.72,62.0,pristine,910.89,2.4,SUCCESS
iPhone 13,6.7,camera_lens_broken,144.75,74.77,55.29,good,878.52,1.8,SUCCESS
iPhone 13,25.1,keyboard_failure,192.45,100.84,83.96,fair,492.89,2.6,SUCCESS
Samsung Galaxy S23 Ultra,24.9,speaker_malfunction,96.88,49.14,39.37,poor,413.44,2.2,PARTIAL
iPhone 15,20.4,thermal_overheating,88.59,29.26,46.29,good,632.17,2.9,PARTIAL
Samsung Galaxy S22,23.3,thermal_overheating,88.11,24.4,52.43,fair,522.02,2.0,SUCCESS
Google Pixel 7 Pro,16.1,charging_port_fault,93.07,37.31,41.39,pristine,709.49,3.2,SUCCESS
Google Pixel 7 Pro,7.2,speaker_malfunction,101.34,53.04,40.9,pristine,869.53,0.9,SUCCESS
Dell XPS 13 Plus,9.6,logic_board_defect,709.12,538.06,163.39,fair,1115.98,20.0,SUCCESS
Samsung Galaxy S23 Ultra,5.6,charging_port_fault,88.19,27.69,53.04,fair,808.47,1.9,SUCCESS
Lenovo ThinkPad X1 Carbon,45.0,logic_board_defect,558.95,368.78,183.58,poor,213.61,13.4,SUCCESS
iPhone 14 Pro,17.8,screen_cracked,212.36,121.34,81.16,poor,509.19,2.7,UNREPAIRABLE
iPhone 15 Pro Max,11.2,screen_cracked,278.03,217.53,48.78,pristine,797.6,3.1,SUCCESS
HP Spectre x360,13.2,battery_degraded,146.17,71.36,63.17,poor,857.13,2.4,PARTIAL
MacBook Pro 14 M1,55.0,thermal_overheating,133.59,30.45,89.82,good,224.85,2.3,SUCCESS
Dell XPS 13 Plus,5.0,speaker_malfunction,129.1,66.39,55.57,poor,1023.07,2.5,SUCCESS
Samsung Galaxy S23 Ultra,17.9,keyboard_failure,172.65,82.67,79.52,poor,507.84,2.3,SUCCESS
Google Pixel 8 Pro,14.7,liquid_spill,447.12,311.56,130.35,good,734.66,11.5,SUCCESS
HP Spectre x360,19.0,screen_cracked,401.27,289.76,100.98,fair,887.71,4.8,SUCCESS
Samsung Galaxy S23 Ultra,2.3,camera_lens_broken,160.43,103.22,52.13,pristine,957.64,1.7,SUCCESS
Samsung Galaxy S22,39.0,logic_board_defect,404.23,219.29,173.63,fair,267.93,13.3,SUCCESS
HP Spectre x360,50.4,speaker_malfunction,124.14,65.72,46.05,pristine,224.85,1.8,SUCCESS
HP Spectre x360,17.0,camera_lens_broken,204.29,121.79,76.84,good,1040.31,3.4,PARTIAL
Samsung Galaxy S22,23.5,thermal_overheating,100.16,37.13,53.6,fair,518.78,1.3,UNREPAIRABLE
MacBook Air M2,48.0,charging_port_fault,89.97,27.12,55.35,poor,168.64,2.8,SUCCESS
Dell XPS 13 Plus,24.1,charging_port_fault,142.66,61.3,75.02,pristine,848.73,3.6,UNREPAIRABLE
iPhone 14 Pro,5.0,camera_lens_broken,143.18,95.97,39.97,pristine,909.09,1.5,PARTIAL
iPhone 15 Pro Max,17.5,thermal_overheating,105.22,34.41,58.8,fair,615.88,3.3,SUCCESS
iPhone 14 Pro,18.8,screen_cracked,222.94,144.17,64.3,good,660.94,1.8,SUCCESS
iPhone 15,11.9,screen_cracked,266.79,194.97,64.58,pristine,785.01,3.4,SUCCESS
iPhone 13,26.0,liquid_spill,441.97,307.59,125.07,pristine,531.47,6.4,SUCCESS
iPhone 13,51.0,liquid_spill,406.83,318.9,82.64,pristine,149.85,9.5,SUCCESS
Samsung Galaxy S23 Ultra,48.8,liquid_spill,369.76,232.07,132.59,pristine,149.85,7.2,SUCCESS
iPhone 14 Pro,12.8,camera_lens_broken,164.12,108.21,44.94,pristine,768.83,1.3,UNREPAIRABLE
iPhone 15,4.2,battery_degraded,105.49,60.06,31.04,good,923.48,2.0,PARTIAL
Dell Inspiron 15,72.0,screen_cracked,215.24,109.16,91.4,good,224.85,3.5,SUCCESS
Google Pixel 7 Pro,34.9,screen_cracked,235.49,172.88,56.71,pristine,371.43,3.0,SUCCESS
Dell XPS 13 Plus,4.4,thermal_overheating,114.81,37.78,64.55,pristine,1380.28,3.1,SUCCESS
HP Spectre x360,47.7,speaker_malfunction,111.6,45.21,58.26,good,224.85,2.5,PARTIAL
HP Spectre x360,38.7,charging_port_fault,134.2,39.78,87.53,pristine,454.8,3.4,SUCCESS
iPhone 15 Pro Max,15.2,liquid_spill,235.15,132.12,97.62,poor,544.26,5.4,SUCCESS
Samsung Galaxy S23,18.1,thermal_overheating,90.29,29.56,54.79,poor,505.14,3.2,SUCCESS
Lenovo ThinkPad X1 Carbon,11.2,logic_board_defect,388.18,242.48,130.72,fair,1077.12,14.2,PARTIAL
iPhone 15 Pro Max,3.0,thermal_overheating,89.37,38.01,45.42,pristine,945.05,2.8,UNREPAIRABLE
Samsung Galaxy S23,9.3,screen_cracked,221.19,125.49,89.16,poor,623.83,1.7,SUCCESS
iPhone 15,31.2,keyboard_failure,202.54,116.46,71.38,poor,328.47,3.6,SUCCESS
MacBook Air M2,2.1,keyboard_failure,216.47,102.59,100.25,fair,1298.1,5.6,SUCCESS
Dell Inspiron 15,9.3,logic_board_defect,430.46,305.97,115.5,pristine,1248.07,8.3,SUCCESS
iPhone 14 Pro,11.1,liquid_spill,453.99,311.96,129.24,fair,719.46,5.1,SUCCESS
Samsung Galaxy S23 Ultra,15.9,charging_port_fault,84.39,23.62,49.73,good,713.09,2.5,UNREPAIRABLE
Samsung Galaxy S23,47.4,battery_degraded,123.32,72.44,40.25,pristine,149.85,1.9,SUCCESS
Samsung Galaxy S22,9.7,battery_degraded,120.66,69.04,46.22,pristine,824.57,1.7,SUCCESS
Samsung Galaxy S23,9.7,keyboard_failure,184.7,104.12,70.9,poor,618.43,4.2,SUCCESS
iPhone 15,26.1,keyboard_failure,167.68,74.03,84.37,fair,476.7,3.7,PARTIAL
MacBook Pro 14 M1,12.8,screen_cracked,353.14,227.01,116.48,pristine,1153.63,3.5,SUCCESS
Dell XPS 13 Plus,6.6,logic_board_defect,520.27,320.36,187.05,pristine,1320.92,17.9,SUCCESS
Lenovo ThinkPad X1 Carbon,12.8,speaker_malfunction,94.01,35.58,48.93,pristine,1153.63,2.3,UNREPAIRABLE
Dell Inspiron 15,4.7,logic_board_defect,560.83,314.06,231.95,poor,1029.14,18.6,UNREPAIRABLE
Samsung Galaxy S23 Ultra,5.5,battery_degraded,96.8,54.52,30.36,pristine,900.1,1.1,SUCCESS
Lenovo ThinkPad X1 Carbon,14.4,keyboard_failure,210.74,100.2,104.66,pristine,1110.46,5.0,SUCCESS
iPhone 14 Pro,11.8,screen_cracked,202.06,110.53,81.72,poor,590.11,2.7,SUCCESS
iPhone 14 Pro,46.3,liquid_spill,306.79,190.23,110.08,good,166.43,10.2,SUCCESS
Samsung Galaxy S22,10.1,screen_cracked,189.44,98.63,85.61,pristine,817.38,3.0,SUCCESS
Google Pixel 8 Pro,17.6,liquid_spill,253.16,136.31,105.55,poor,511.89,10.4,SUCCESS
Dell XPS 13 Plus,20.0,speaker_malfunction,140.97,73.42,57.68,good,959.36,2.5,SUCCESS
Google Pixel 8 Pro,2.2,thermal_overheating,103.21,32.73,58.34,pristine,959.44,2.9,SUCCESS
Google Pixel 7 Pro,21.6,screen_cracked,212.9,147.52,59.21,pristine,610.59,2.0,SUCCESS
MacBook Pro 14 M1,5.5,camera_lens_broken,167.72,96.37,61.97,pristine,1350.6,2.0,SUCCESS
Google Pixel 7 Pro,60.4,liquid_spill,353.79,225.16,114.8,pristine,149.85,11.8,SUCCESS
Dell XPS 13 Plus,4.9,speaker_malfunction,141.21,72.62,57.37,pristine,1366.79,2.5,SUCCESS
Samsung Galaxy S23 Ultra,11.6,battery_degraded,112.03,65.02,32.58,poor,592.81,1.4,SUCCESS
Google Pixel 8 Pro,3.6,logic_board_defect,344.91,197.46,135.68,good,934.26,16.0,SUCCESS
iPhone 14 Pro,72.0,thermal_overheating,65.11,15.96,41.91,poor,112.39,2.3,PARTIAL
Samsung Galaxy S23 Ultra,14.6,camera_lens_broken,162.91,94.94,54.23,fair,662.82,2.3,UNREPAIRABLE
MacBook Pro 14 M1,18.3,battery_degraded,168.5,90.16,65.52,poor,753.92,2.0,SUCCESS
MacBook Pro 14 M1,3.2,battery_degraded,145.48,97.28,41.63,fair,1271.39,1.7,SUCCESS
Samsung Galaxy S23 Ultra,27.0,keyboard_failure,189.09,110.96,64.94,good,513.49,4.0,SUCCESS
iPhone 15,6.2,liquid_spill,292.12,190.99,93.26,pristine,887.51,10.0,SUCCESS
iPhone 14 Pro,43.1,battery_degraded,103.8,46.97,44.3,fair,201.58,1.6,SUCCESS
Google Pixel 7 Pro,6.1,speaker_malfunction,93.64,48.62,32.07,pristine,889.31,1.9,PARTIAL
Samsung Galaxy S23,5.8,screen_cracked,238.85,150.81,79.66,poor,671.03,3.0,SUCCESS
Samsung Galaxy S22,2.7,charging_port_fault,85.4,33.02,46.8,fair,855.4,2.0,PARTIAL
MacBook Air M2,13.5,thermal_overheating,143.05,59.64,70.98,good,1134.74,4.1,UNREPAIRABLE
HP Spectre x360,17.0,camera_lens_broken,122.88,54.75,56.69,pristine,1040.31,2.9,SUCCESS
HP Spectre x360,3.2,thermal_overheating,138.39,45.54,79.04,pristine,1412.66,2.9,SUCCESS
iPhone 15,28.9,screen_cracked,234.47,165.99,62.55,good,479.32,3.3,SUCCESS
Google Pixel 7 Pro,12.9,logic_board_defect,461.06,292.04,155.7,good,767.03,6.5,SUCCESS
Samsung Galaxy S23 Ultra,15.4,speaker_malfunction,91.75,54.61,31.66,good,722.08,1.1,SUCCESS
MacBook Air M2,12.5,battery_degraded,145.36,74.51,55.96,fair,1045.55,1.3,UNREPAIRABLE
MacBook Pro 14 M1,11.2,thermal_overheating,126.7,54.45,63.47,fair,1077.12,2.9,UNREPAIRABLE
Dell XPS 13 Plus,16.8,liquid_spill,297.42,154.17,136.78,pristine,1045.7,7.8,SUCCESS
Samsung Galaxy S22,5.0,speaker_malfunction,67.08,27.46,30.93,pristine,909.09,2.0,SUCCESS
Google Pixel 7 Pro,5.6,speaker_malfunction,89.66,42.65,37.78,pristine,898.3,1.3,UNREPAIRABLE
Google Pixel 8 Pro,37.6,keyboard_failure,179.8,108.54,61.68,pristine,322.88,2.5,UNREPAIRABLE
Dell XPS 13 Plus,54.6,thermal_overheating,122.68,55.21,58.78,fair,202.37,2.5,PARTIAL
iPhone 15,10.4,speaker_malfunction,71.9,28.31,35.54,poor,608.99,1.4,SUCCESS
Samsung Galaxy S23,7.7,logic_board_defect,314.18,217.01,82.8,pristine,860.54,6.9,SUCCESS
Samsung Galaxy S23 Ultra,20.6,logic_board_defect,366.75,191.14,161.91,good,628.57,10.2,SUCCESS
Samsung Galaxy S22,11.5,keyboard_failure,176.81,95.84,67.63,pristine,792.21,4.6,UNREPAIRABLE
iPhone 14 Pro,2.5,charging_port_fault,96.97,35.14,48.83,good,954.04,2.2,SUCCESS
MacBook Air M2,5.1,speaker_malfunction,115.93,49.43,58.73,pristine,1361.39,1.5,UNREPAIRABLE
iPhone 15,24.7,charging_port_fault,103.97,41.22,52.16,poor,416.13,3.0,UNREPAIRABLE
iPhone 13,21.4,thermal_overheating,87.87,32.31,41.59,pristine,614.19,2.2,PARTIAL
iPhone 15,2.5,thermal_overheating,74.03,20.39,40.57,pristine,954.04,2.6,SUCCESS
MacBook Pro 14 M1,6.5,camera_lens_broken,149.89,91.97,48.77,pristine,1323.62,2.8,SUCCESS
Lenovo ThinkPad X1 Carbon,6.7,thermal_overheating,103.96,33.1,64.42,fair,1186.4,2.0,SUCCESS
Samsung Galaxy S23 Ultra,22.1,battery_degraded,96.25,41.94,49.04,good,601.6,1.4,SUCCESS
iPhone 15 Pro Max,2.4,logic_board_defect,366.2,248.68,112.0,pristine,955.84,9.5,SUCCESS
iPhone 13,4.0,liquid_spill,333.23,203.39,120.19,poor,695.3,6.9,SUCCESS
Samsung Galaxy S22,31.0,battery_degraded,109.57,56.79,38.15,good,441.56,1.6,PARTIAL
MacBook Air M2,5.5,battery_degraded,123.53,62.21,55.48,pristine,1350.6,2.4,SUCCESS
MacBook Air M2,21.0,thermal_overheating,136.22,28.49,93.2,fair,839.14,3.3,PARTIAL
HP Spectre x360,6.9,thermal_overheating,107.31,38.55,54.04,good,1312.82,3.3,UNREPAIRABLE
iPhone 15 Pro Max,3.9,screen_cracked,309.48,229.36,66.7,pristine,928.87,3.1,SUCCESS
iPhone 13,7.0,thermal_overheating,80.26,23.44,44.84,poor,654.84,2.1,SUCCESS
Lenovo ThinkPad X1 Carbon,25.1,charging_port_fault,158.52,56.37,87.7,good,821.75,3.7,UNREPAIRABLE
MacBook Air M2,36.8,logic_board_defect,809.09,598.43,203.55,good,506.06,11.0,SUCCESS
MacBook Pro 14 M1,33.9,camera_lens_broken,140.11,55.5,70.6,pristine,584.31,2.4,SUCCESS
MacBook Air M2,11.1,charging_port_fault,138.75,43.73,83.51,poor,899.62,3.8,UNREPAIRABLE
Google Pixel 7 Pro,21.9,screen_cracked,313.11,222.81,81.72,pristine,605.19,2.2,PARTIAL
iPhone 14 Pro,6.1,screen_cracked,173.44,99.96,61.67,poor,666.98,1.6,SUCCESS
Dell XPS 13 Plus,8.2,camera_lens_broken,161.7,72.1,74.8,fair,1149.97,3.0,SUCCESS
Samsung Galaxy S23,42.8,screen_cracked,219.58,124.92,85.7,fair,206.43,2.8,UNREPAIRABLE
Lenovo ThinkPad X1 Carbon,2.2,logic_board_defect,601.11,415.54,174.69,fair,1295.68,15.2,SUCCESS
Dell XPS 13 Plus,3.6,battery_degraded,134.18,54.99,65.71,good,1401.86,2.9,SUCCESS
iPhone 15 Pro Max,6.2,thermal_overheating,105.58,33.43,60.42,pristine,887.51,2.5,UNREPAIRABLE
MacBook Air M2,2.5,screen_cracked,382.98,292.43,80.37,poor,1073.66,4.3,UNREPAIRABLE
Google Pixel 8 Pro,5.6,camera_lens_broken,121.79,76.21,36.09,pristine,898.3,1.8,PARTIAL
iPhone 15 Pro Max,17.7,speaker_malfunction,71.31,30.84,31.23,fair,612.65,1.3,UNREPAIRABLE
iPhone 15,11.8,liquid_spill,230.94,135.28,86.34,poor,590.11,4.7,SUCCESS
iPhone 15 Pro Max,42.2,camera_lens_broken,150.22,98.84,41.18,poor,180.12,2.2,SUCCESS
iPhone 13,32.6,battery_degraded,127.05,69.91,42.39,poor,309.59,2.0,SUCCESS
HP Spectre x360,9.5,screen_cracked,309.89,189.52,114.82,poor,932.0,4.2,SUCCESS
MacBook Pro 14 M1,7.4,speaker_malfunction,96.59,36.41,54.22,pristine,1299.33,2.0,SUCCESS
Dell Inspiron 15,10.6,speaker_malfunction,108.78,43.19,52.64,pristine,1212.99,1.9,SUCCESS
HP Spectre x360,18.1,battery_degraded,140.61,67.88,65.81,good,1010.63,2.5,PARTIAL
iPhone 15,7.6,screen_cracked,233.36,175.23,48.04,fair,776.1,2.9,UNREPAIRABLE
Samsung Galaxy S23,19.6,speaker_malfunction,85.03,39.44,39.31,poor,484.91,1.0,SUCCESS
MacBook Pro 14 M1,11.5,speaker_malfunction,117.93,54.53,53.7,fair,1069.84,2.0,SUCCESS
MacBook Pro 14 M1,16.5,camera_lens_broken,168.88,81.51,80.0,fair,948.42,2.6,SUCCESS
Lenovo ThinkPad X1 Carbon,12.3,thermal_overheating,134.54,55.03,71.09,fair,1050.41,2.3,SUCCESS
MacBook Air M2,8.3,keyboard_failure,264.31,142.54,113.77,good,1275.05,4.7,PARTIAL
Samsung Galaxy S23,55.4,charging_port_fault,91.66,23.15,61.28,poor,112.39,3.0,UNREPAIRABLE
iPhone 13,28.0,keyboard_failure,163.23,99.91,54.56,good,495.5,4.3,UNREPAIRABLE
Samsung Galaxy S22,4.7,charging_port_fault,87.89,44.78,35.2,poor,685.86,1.5,SUCCESS
iPhone 13,38.5,camera_lens_broken,85.55,43.07,35.74,good,306.69,1.1,UNREPAIRABLE
Lenovo ThinkPad X1 Carbon,14.0,thermal_overheating,105.46,30.21,61.94,poor,840.94,2.3,SUCCESS
iPhone 14 Pro,42.5,speaker_malfunction,96.63,44.65,43.28,pristine,234.77,1.2,SUCCESS
Samsung Galaxy S23,31.0,charging_port_fault,118.98,48.23,64.31,poor,331.17,3.4,SUCCESS
HP Spectre x360,12.0,charging_port_fault,121.65,59.19,55.01,pristine,1175.22,2.8,UNREPAIRABLE
iPhone 15 Pro Max,2.4,liquid_spill,383.57,286.52,83.53,good,955.84,5.1,SUCCESS
MacBook Pro 14 M1,7.6,keyboard_failure,165.34,90.1,65.15,poor,970.45,4.5,SUCCESS
Dell Inspiron 15,16.0,thermal_overheating,124.99,35.41,75.02,pristine,1067.29,2.7,UNREPAIRABLE
Google Pixel 8 Pro,20.1,logic_board_defect,469.55,311.79,143.81,fair,573.81,13.9,SUCCESS
Google Pixel 8 Pro,7.4,liquid_spill,276.05,181.06,84.48,good,865.93,11.3,SUCCESS
iPhone 14 Pro,4.7,battery_degraded,98.17,48.28,40.38,good,914.48,1.0,SUCCESS
Samsung Galaxy S22,34.4,speaker_malfunction,81.15,36.03,37.46,pristine,380.42,1.0,SUCCESS
iPhone 15,72.0,camera_lens_broken,159.73,103.1,42.36,poor,112.39,1.9,SUCCESS
iPhone 15,15.4,battery_degraded,77.01,38.21,30.77,good,722.08,1.1,SUCCESS
Lenovo ThinkPad X1 Carbon,5.4,logic_board_defect,449.17,246.93,189.54,good,1353.3,9.2,SUCCESS
Samsung Galaxy S23 Ultra,7.7,camera_lens_broken,151.46,94.82,45.1,poor,645.4,1.8,SUCCESS
Dell Inspiron 15,2.3,charging_port_fault,129.39,62.05,56.47,fair,1293.25,3.4,PARTIAL
Google Pixel 7 Pro,46.2,keyboard_failure,183.96,107.8,63.46,fair,151.41,3.9,SUCCESS
Dell XPS 13 Plus,4.3,speaker_malfunction,106.28,42.24,49.61,fair,1244.68,2.1,SUCCESS
iPhone 15 Pro Max,17.5,keyboard_failure,203.58,114.83,78.37,pristine,684.32,2.9,UNREPAIRABLE
Samsung Galaxy S23,7.8,screen_cracked,228.56,170.81,46.45,good,858.74,2.3,PARTIAL
MacBook Pro 14 M1,16.5,speaker_malfunction,124.18,73.45,44.64,fair,948.42,2.0,SUCCESS
MacBook Pro 14 M1,21.0,keyboard_failure,226.97,136.51,77.2,fair,839.14,3.5,SUCCESS
MacBook Pro 14 M1,33.9,keyboard_failure,149.81,70.4,71.5,fair,525.88,5.8,SUCCESS
Google Pixel 7 Pro,6.2,battery_degraded,99.4,55.46,37.37,pristine,887.51,1.0,SUCCESS
iPhone 15,2.2,charging_port_fault,99.14,36.09,49.35,fair,863.5,2.1,SUCCESS
Samsung Galaxy S23 Ultra,4.6,speaker_malfunction,96.54,49.54,39.97,good,916.28,1.3,PARTIAL
Dell XPS 13 Plus,43.4,keyboard_failure,171.48,97.25,61.15,pristine,327.98,2.9,PARTIAL
Google Pixel 7 Pro,39.3,camera_lens_broken,172.16,103.72,56.98,poor,219.23,1.9,SUCCESS
HP Spectre x360,18.4,keyboard_failure,218.69,104.95,106.25,fair,902.28,5.4,SUCCESS
HP Spectre x360,18.5,speaker_malfunction,125.69,52.29,58.94,pristine,999.83,1.8,UNREPAIRABLE
iPhone 13,21.7,charging_port_fault,91.16,28.21,53.84,fair,547.91,2.4,SUCCESS
Dell Inspiron 15,5.5,thermal_overheating,103.6,25.16,68.93,good,1350.6,3.7,SUCCESS
Samsung Galaxy S23 Ultra,46.2,liquid_spill,311.8,206.39,96.97,pristine,168.23,4.8,SUCCESS
Samsung Galaxy S22,11.8,liquid_spill,254.59,181.24,60.86,good,786.81,5.4,UNREPAIRABLE
Google Pixel 8 Pro,10.7,keyboard_failure,135.6,55.46,66.94,fair,725.93,3.1,SUCCESS
Lenovo ThinkPad X1 Carbon,15.2,charging_port_fault,87.67,33.91,47.98,pristine,1088.87,2.2,SUCCESS
Dell Inspiron 15,2.9,screen_cracked,334.7,254.31,70.07,poor,1065.56,2.9,UNREPAIRABLE
Google Pixel 8 Pro,5.3,screen_cracked,307.26,213.84,81.52,poor,677.77,3.1,SUCCESS
Google Pixel 8 Pro,26.1,screen_cracked,236.99,175.71,47.19,fair,476.7,2.1,SUCCESS
iPhone 13,3.6,battery_degraded,80.87,35.72,30.56,poor,700.7,1.4,SUCCESS
iPhone 15,18.6,charging_port_fault,89.31,41.72,36.32,good,664.53,2.6,PARTIAL
MacBook Pro 14 M1,7.1,liquid_spill,543.51,411.61,123.67,poor,980.57,9.9,SUCCESS
iPhone 15 Pro Max,10.9,speaker_malfunction,86.04,44.62,30.18,good,803.0,1.1,UNREPAIRABLE
iPhone 15 Pro Max,8.1,battery_degraded,123.43,74.85,38.22,poor,640.01,1.9,UNREPAIRABLE
HP Spectre x360,9.9,charging_port_fault,102.54,37.2,51.09,pristine,1231.88,2.9,UNREPAIRABLE
Dell Inspiron 15,24.9,charging_port_fault,121.78,40.45,72.98,pristine,827.15,3.8,SUCCESS
MacBook Pro 14 M1,8.3,keyboard_failure,209.35,108.8,95.34,poor,956.29,3.7,SUCCESS
Dell Inspiron 15,17.0,battery_degraded,135.18,66.01,60.42,poor,780.23,2.6,SUCCESS
Samsung Galaxy S23 Ultra,13.6,liquid_spill,215.0,124.88,76.35,pristine,754.44,4.7,UNREPAIRABLE
iPhone 14 Pro,21.6,logic_board_defect,396.62,224.79,158.7,pristine,610.59,5.8,UNREPAIRABLE
Dell Inspiron 15,51.7,screen_cracked,277.62,157.47,105.27,poor,168.64,2.8,UNREPAIRABLE
Dell Inspiron 15,25.7,liquid_spill,446.2,310.3,122.2,poor,604.17,8.9,SUCCESS
iPhone 15,6.4,liquid_spill,251.83,101.98,139.36,fair,795.52,11.3,PARTIAL
Dell Inspiron 15,2.6,liquid_spill,293.55,194.87,89.44,fair,1285.96,13.2,SUCCESS
MacBook Pro 14 M1,7.5,liquid_spill,373.37,215.61,143.25,pristine,1296.63,15.7,SUCCESS
Samsung Galaxy S23,18.3,speaker_malfunction,86.59,36.33,37.06,pristine,669.93,1.6,SUCCESS
Dell Inspiron 15,3.0,keyboard_failure,161.36,69.64,81.35,good,1418.05,5.9,PARTIAL
Google Pixel 7 Pro,14.3,charging_port_fault,84.96,27.72,48.91,pristine,741.86,2.2,SUCCESS
Dell XPS 13 Plus,18.4,keyboard_failure,207.91,88.64,110.22,good,1002.53,3.1,SUCCESS
Samsung Galaxy S22,9.3,speaker_malfunction,103.56,54.11,35.6,poor,623.83,1.7,SUCCESS
HP Spectre x360,28.5,battery_degraded,134.89,70.63,55.77,good,730.01,1.7,UNREPAIRABLE
Dell XPS 13 Plus,4.0,keyboard_failure,224.18,136.08,80.63,pristine,1391.07,2.9,UNREPAIRABLE
Google Pixel 8 Pro,3.4,screen_cracked,299.74,227.43,61.26,fair,844.08,2.6,SUCCESS
MacBook Air M2,25.4,charging_port_fault,121.65,37.3,71.64,poor,610.24,4.3,SUCCESS
MacBook Air M2,14.3,speaker_malfunction,108.89,49.86,52.37,fair,1001.84,2.7,SUCCESS
Samsung Galaxy S22,23.0,logic_board_defect,487.49,348.31,130.06,good,585.41,11.3,UNREPAIRABLE
HP Spectre x360,12.3,battery_degraded,116.95,53.89,55.96,good,1167.12,2.8,UNREPAIRABLE
Dell XPS 13 Plus,7.1,speaker_malfunction,115.43,62.06,40.63,poor,980.57,1.7,SUCCESS
Samsung Galaxy S22,32.8,thermal_overheating,82.5,27.51,48.65,fair,368.27,2.0,UNREPAIRABLE
Google Pixel 8 Pro,30.9,charging_port_fault,85.89,35.08,38.31,fair,399.02,2.2,SUCCESS
Dell Inspiron 15,23.4,liquid_spill,387.14,202.03,178.45,poor,650.72,10.0,UNREPAIRABLE
Samsung Galaxy S23 Ultra,7.7,battery_degraded,99.27,52.0,35.54,pristine,860.54,1.5,SUCCESS
iPhone 15,18.1,screen_cracked,175.71,89.77,78.83,poor,505.14,1.7,SUCCESS
Dell Inspiron 15,10.1,screen_cracked,294.05,189.14,92.34,pristine,1226.48,4.5,SUCCESS
MacBook Pro 14 M1,3.7,speaker_malfunction,113.34,47.38,54.31,fair,1259.25,1.8,SUCCESS
Samsung Galaxy S22,46.9,screen_cracked,333.69,236.05,84.29,pristine,155.64,2.8,UNREPAIRABLE
HP Spectre x360,4.6,charging_port_fault,89.79,28.04,52.23,fair,1237.39,3.6,SUCCESS
MacBook Air M2,56.0,keyboard_failure,230.85,123.11,96.4,good,224.85,2.9,SUCCESS
Lenovo ThinkPad X1 Carbon,12.6,screen_cracked,435.27,317.43,105.45,pristine,1159.03,3.7,SUCCESS
Dell Inspiron 15,5.7,battery_degraded,143.12,68.41,65.86,poor,1008.9,2.7,UNREPAIRABLE
MacBook Pro 14 M1,16.1,liquid_spill,527.48,342.56,174.94,poor,798.44,15.2,SUCCESS
iPhone 15,39.1,logic_board_defect,584.13,394.68,179.63,pristine,295.9,15.9,SUCCESS
Google Pixel 7 Pro,25.7,liquid_spill,234.53,145.97,73.63,poor,402.65,11.8,SUCCESS
iPhone 15 Pro Max,31.6,charging_port_fault,102.43,47.87,44.8,good,430.77,2.0,UNREPAIRABLE
HP Spectre x360,21.4,battery_degraded,167.41,87.68,65.41,good,921.59,2.3,SUCCESS
Dell Inspiron 15,23.2,battery_degraded,148.47,86.37,50.68,pristine,873.02,2.6,UNREPAIRABLE
Google Pixel 7 Pro,36.1,speaker_malfunction,95.01,49.25,33.35,poor,262.39,0.9,SUCCESS
HP Spectre x360,7.2,liquid_spill,458.61,352.7,93.54,pristine,1304.73,9.8,PARTIAL
Samsung Galaxy S23 Ultra,14.1,screen_cracked,242.29,174.41,53.54,good,745.45,2.3,UNREPAIRABLE
iPhone 14 Pro,6.5,thermal_overheating,99.08,34.91,57.72,pristine,882.12,1.4,SUCCESS
Samsung Galaxy S23 Ultra,72.0,liquid_spill,309.62,204.96,96.46,poor,112.39,8.6,PARTIAL
Google Pixel 7 Pro,53.9,battery_degraded,102.17,47.31,46.95,fair,134.87,1.8,SUCCESS
Samsung Galaxy S22,2.7,screen_cracked,309.33,236.98,59.99,fair,855.4,3.0,UNREPAIRABLE
HP Spectre x360,24.0,charging_port_fault,148.89,61.7,76.71,fair,766.29,3.0,SUCCESS
Samsung Galaxy S23,48.7,speaker_malfunction,102.15,45.34,44.85,good,149.85,1.8,SUCCESS
iPhone 13,5.6,thermal_overheating,78.78,26.81,43.93,poor,673.73,2.8,UNREPAIRABLE
MacBook Air M2,17.1,charging_port_fault,128.56,50.37,65.15,fair,933.85,3.4,SUCCESS
iPhone 13,46.5,screen_cracked,235.99,137.96,83.53,fair,146.55,2.0,SUCCESS
Samsung Galaxy S22,2.6,charging_port_fault,100.46,47.78,37.88,poor,714.19,2.8,SUCCESS
MacBook Air M2,23.5,camera_lens_broken,197.47,110.08,79.98,poor,648.69,2.6,SUCCESS
Google Pixel 8 Pro,8.4,logic_board_defect,536.14,347.03,175.46,poor,635.96,12.2,SUCCESS
MacBook Air M2,48.5,speaker_malfunction,108.52,44.9,53.73,poor,168.64,1.6,SUCCESS
MacBook Air M2,65.8,thermal_overheating,113.94,29.36,77.77,poor,168.64,4.1,PARTIAL
Google Pixel 8 Pro,54.0,speaker_malfunction,78.96,33.95,31.88,fair,134.87,1.6,SUCCESS
iPhone 15 Pro Max,13.6,speaker_malfunction,94.39,41.68,38.05,poor,565.83,1.9,SUCCESS
HP Spectre x360,37.7,battery_degraded,120.3,58.23,56.68,good,481.78,1.7,SUCCESS
MacBook Pro 14 M1,35.5,liquid_spill,424.68,324.14,90.48,poor,405.85,8.5,SUCCESS
Samsung Galaxy S23,8.9,thermal_overheating,103.51,20.15,69.31,poor,629.22,2.4,PARTIAL
Samsung Galaxy S23 Ultra,33.8,thermal_overheating,96.04,28.35,57.31,good,391.21,2.7,PARTIAL
iPhone 13,2.7,battery_degraded,106.73,64.82,30.89,fair,855.4,0.9,SUCCESS
iPhone 13,18.3,camera_lens_broken,124.15,59.42,53.23,good,669.93,1.8,SUCCESS
iPhone 14 Pro,6.7,speaker_malfunction,89.89,38.68,44.17,fair,790.67,2.1,PARTIAL
MacBook Air M2,4.3,logic_board_defect,820.72,605.43,202.07,fair,1244.68,9.6,SUCCESS
Samsung Galaxy S23,3.4,speaker_malfunction,91.31,36.37,44.46,poor,703.4,1.2,UNREPAIRABLE
iPhone 15,23.5,camera_lens_broken,133.98,84.81,44.07,fair,518.78,1.4,SUCCESS
Samsung Galaxy S22,9.5,liquid_spill,258.7,177.09,68.4,good,828.17,11.2,PARTIAL
Google Pixel 8 Pro,25.2,battery_degraded,109.52,58.8,44.01,poor,409.39,2.0,SUCCESS
Dell Inspiron 15,3.2,speaker_malfunction,108.81,41.07,56.82,pristine,1412.66,2.6,SUCCESS
Samsung Galaxy S23 Ultra,8.8,screen_cracked,281.15,189.87,77.1,good,840.76,2.6,SUCCESS
MacBook Air M2,16.0,camera_lens_broken,191.38,120.86,55.66,fair,960.56,2.8,SUCCESS
Dell Inspiron 15,30.2,keyboard_failure,208.74,121.74,75.64,fair,615.73,4.6,SUCCESS
iPhone 15,8.9,logic_board_defect,372.07,254.15,111.27,fair,755.06,5.8,SUCCESS
iPhone 15 Pro Max,19.7,battery_degraded,119.62,68.45,41.08,pristine,644.75,1.9,UNREPAIRABLE
Dell XPS 13 Plus,41.1,charging_port_fault,119.68,46.43,68.11,poor,292.53,4.5,SUCCESS
iPhone 13,19.2,screen_cracked,280.38,194.27,76.62,poor,490.31,2.9,PARTIAL
iPhone 14 Pro,6.8,thermal_overheating,96.58,42.11,45.24,good,876.72,1.9,SUCCESS
Samsung Galaxy S22,2.4,charging_port_fault,77.59,31.2,38.4,poor,716.88,2.8,SUCCESS
Samsung Galaxy S23 Ultra,38.7,logic_board_defect,354.27,190.31,153.8,good,303.1,11.1,UNREPAIRABLE
HP Spectre x360,2.4,screen_cracked,434.62,310.05,114.97,poor,1075.68,4.1,PARTIAL
Samsung Galaxy S23 Ultra,39.4,camera_lens_broken,100.55,47.5,43.74,poor,217.88,2.1,SUCCESS
iPhone 13,15.5,battery_degraded,119.47,58.81,47.97,poor,540.21,1.8,SUCCESS
Samsung Galaxy S23 Ultra,52.4,liquid_spill,303.09,198.26,89.94,good,149.85,7.3,SUCCESS
MacBook Air M2,30.9,keyboard_failure,171.73,84.98,79.85,fair,598.73,4.2,SUCCESS
iPhone 15 Pro Max,72.0,charging_port_fault,103.76,31.84,57.32,fair,134.87,2.7,SUCCESS
Samsung Galaxy S23 Ultra,9.8,battery_degraded,104.97,53.95,41.0,good,822.78,2.1,SUCCESS
HP Spectre x360,28.2,speaker_malfunction,104.1,39.07,59.89,good,738.11,2.2,PARTIAL
MacBook Air M2,11.3,liquid_spill,318.08,137.66,170.62,poor,895.58,10.2,SUCCESS
Samsung Galaxy S23 Ultra,13.8,keyboard_failure,126.58,56.61,62.16,fair,675.76,3.8,SUCCESS
iPhone 15,19.8,logic_board_defect,565.14,448.1,104.74,poor,482.22,13.9,UNREPAIRABLE
MacBook Pro 14 M1,39.2,charging_port_fault,125.52,34.64,81.87,poor,330.98,3.1,SUCCESS
Samsung Galaxy S23 Ultra,72.0,liquid_spill,406.86,303.69,94.1,poor,112.39,8.7,SUCCESS
Samsung Galaxy S23 Ultra,28.3,liquid_spill,241.2,141.01,94.09,poor,367.58,4.5,SUCCESS
Samsung Galaxy S23,11.7,logic_board_defect,587.36,431.19,151.16,fair,709.75,8.1,SUCCESS
MacBook Air M2,11.8,camera_lens_broken,151.69,74.03,63.18,fair,1062.55,3.0,SUCCESS
Samsung Galaxy S23,26.1,camera_lens_broken,107.33,61.3,37.42,fair,476.7,1.2,SUCCESS
Dell Inspiron 15,6.9,camera_lens_broken,202.18,124.21,67.13,good,1312.82,2.5,SUCCESS
iPhone 15,4.1,battery_degraded,97.77,40.87,44.85,fair,832.75,1.3,SUCCESS
HP Spectre x360,9.9,battery_degraded,119.27,51.8,55.26,fair,1108.69,2.1,PARTIAL
iPhone 15 Pro Max,8.1,charging_port_fault,86.74,25.75,51.51,good,853.35,2.3,SUCCESS
Dell XPS 13 Plus,8.3,battery_degraded,155.9,102.58,42.33,poor,956.29,2.4,SUCCESS
Dell XPS 13 Plus,6.8,charging_port_fault,137.84,38.73,85.96,fair,1183.97,2.6,UNREPAIRABLE
Google Pixel 8 Pro,2.8,thermal_overheating,123.05,41.11,69.15,pristine,948.65,2.0,PARTIAL
Samsung Galaxy S22,2.3,logic_board_defect,278.2,188.29,80.36,poor,718.23,11.5,PARTIAL
Dell XPS 13 Plus,72.0,thermal_overheating,126.5,30.73,88.53,poor,168.64,2.5,SUCCESS
Google Pixel 7 Pro,12.0,liquid_spill,282.02,157.12,111.17,fair,704.89,11.5,SUCCESS
iPhone 15 Pro Max,10.7,liquid_spill,400.22,317.59,76.8,good,806.59,5.1,SUCCESS
Dell XPS 13 Plus,22.5,thermal_overheating,103.51,30.94,59.41,poor,668.93,3.8,UNREPAIRABLE
Lenovo ThinkPad X1 Carbon,6.4,camera_lens_broken,167.01,74.72,79.83,poor,994.74,2.2,UNREPAIRABLE
Samsung Galaxy S22,55.9,logic_board_defect,558.23,407.11,143.43,fair,134.87,11.4,SUCCESS
MacBook Pro 14 M1,29.8,speaker_malfunction,95.2,40.05,45.19,pristine,694.94,2.3,SUCCESS
Google Pixel 8 Pro,3.7,charging_port_fault,92.57,44.47,40.28,fair,839.22,2.8,UNREPAIRABLE
Samsung Galaxy S23 Ultra,11.7,charging_port_fault,115.34,46.56,59.52,fair,709.75,2.4,SUCCESS
Google Pixel 8 Pro,40.0,speaker_malfunction,74.75,28.01,37.9,poor,209.79,2.1,SUCCESS
iPhone 15,54.1,screen_cracked,282.58,202.15,74.0,poor,112.39,1.5,SUCCESS
MacBook Air M2,13.3,screen_cracked,346.33,279.16,61.32,good,1140.14,4.3,UNREPAIRABLE
iPhone 14 Pro,19.1,keyboard_failure,198.91,110.77,80.7,pristine,655.54,4.0,SUCCESS
Google Pixel 7 Pro,5.3,logic_board_defect,429.5,327.07,92.31,good,903.7,13.9,SUCCESS
Lenovo ThinkPad X1 Carbon,72.0,speaker_malfunction,110.01,39.49,58.97,fair,202.37,1.4,SUCCESS
iPhone 13,6.7,speaker_malfunction,92.34,45.6,40.72,poor,658.89,2.0,SUCCESS
Samsung Galaxy S23 Ultra,53.5,camera_lens_broken,99.73,45.34,43.34,poor,112.39,2.0,SUCCESS
iPhone 14 Pro,20.9,speaker_malfunction,93.08,40.91,38.99,good,623.18,1.5,PARTIAL
Samsung Galaxy S23,18.8,battery_degraded,100.81,47.2,39.99,poor,495.7,1.3,SUCCESS
iPhone 14 Pro,14.9,charging_port_fault,82.46,29.61,46.72,pristine,731.07,2.9,SUCCESS
Samsung Galaxy S22,6.7,logic_board_defect,289.99,167.74,112.31,good,878.52,6.7,SUCCESS
Google Pixel 8 Pro,5.5,speaker_malfunction,91.79,43.05,39.55,fair,810.09,1.6,SUCCESS
Google Pixel 8 Pro,6.5,thermal_overheating,97.76,31.01,55.97,pristine,882.12,2.7,PARTIAL
Dell XPS 13 Plus,5.7,liquid_spill,456.79,339.81,106.4,poor,1008.9,5.9,SUCCESS
iPhone 14 Pro,29.2,battery_degraded,84.27,37.68,36.99,fair,426.53,2.2,SUCCESS
Lenovo ThinkPad X1 Carbon,9.8,thermal_overheating,156.96,59.61,90.97,poor,925.93,2.9,UNREPAIRABLE
Dell XPS 13 Plus,3.1,charging_port_fault,101.43,42.29,48.32,poor,1061.52,4.0,UNREPAIRABLE
Google Pixel 8 Pro,64.6,charging_port_fault,79.52,20.91,45.96,pristine,149.85,1.4,SUCCESS
Google Pixel 8 Pro,40.7,charging_port_fault,111.21,42.44,55.96,good,267.13,2.0,SUCCESS
Dell XPS 13 Plus,49.3,screen_cracked,246.76,169.94,70.22,fair,202.37,4.1,PARTIAL
Samsung Galaxy S22,72.0,speaker_malfunction,95.81,45.4,43.14,good,149.85,1.9,UNREPAIRABLE
HP Spectre x360,5.4,charging_port_fault,100.17,38.01,50.97,fair,1217.97,3.3,SUCCESS
iPhone 13,11.1,speaker_malfunction,79.83,30.51,41.19,pristine,799.4,1.9,SUCCESS
MacBook Air M2,27.6,speaker_malfunction,117.17,67.25,43.84,fair,678.87,2.7,SUCCESS
iPhone 15,23.4,camera_lens_broken,145.51,82.22,56.17,poor,433.67,1.0,SUCCESS
iPhone 15 Pro Max,5.0,logic_board_defect,292.78,181.96,100.17,poor,681.82,15.1,PARTIAL
MacBook Pro 14 M1,32.5,keyboard_failure,164.76,72.43,77.74,good,622.09,5.6,SUCCESS
Google Pixel 7 Pro,6.6,liquid_spill,262.65,162.33,91.25,poor,660.24,6.7,SUCCESS
Dell XPS 13 Plus,6.6,thermal_overheating,121.9,24.34,86.7,pristine,1320.92,2.5,SUCCESS
Lenovo ThinkPad X1 Carbon,15.9,screen_cracked,247.95,170.67,69.96,poor,802.49,3.7,UNREPAIRABLE
iPhone 13,18.2,charging_port_fault,95.74,43.06,39.83,good,671.73,3.1,SUCCESS
Samsung Galaxy S23,17.6,logic_board_defect,411.59,238.9,165.6,pristine,682.52,10.2,SUCCESS
MacBook Pro 14 M1,3.7,battery_degraded,173.92,105.45,55.81,poor,1049.37,2.5,SUCCESS
Samsung Galaxy S23 Ultra,39.8,thermal_overheating,111.65,41.03,63.92,pristine,283.32,2.9,SUCCESS
Samsung Galaxy S23 Ultra,7.6,charging_port_fault,89.2,22.04,52.3,pristine,862.34,1.8,SUCCESS
Samsung Galaxy S23 Ultra,4.5,keyboard_failure,166.23,102.02,50.62,poor,688.56,2.5,SUCCESS
Samsung Galaxy S22,41.5,speaker_malfunction,100.3,50.71,43.76,good,252.75,1.1,SUCCESS
Samsung Galaxy S22,58.1,thermal_overheating,107.73,28.5,66.32,poor,112.39,2.7,UNREPAIRABLE
Dell XPS 13 Plus,37.7,thermal_overheating,116.35,20.57,88.55,pristine,481.78,2.4,SUCCESS
Lenovo ThinkPad X1 Carbon,31.8,keyboard_failure,225.22,139.77,79.59,pristine,640.97,4.4,SUCCESS
Dell XPS 13 Plus,21.2,battery_degraded,176.57,102.99,65.41,good,926.98,2.2,SUCCESS
MacBook Pro 14 M1,16.4,keyboard_failure,197.7,90.46,100.78,fair,950.85,3.1,SUCCESS
iPhone 13,3.6,camera_lens_broken,154.26,79.77,59.7,good,934.26,1.9,SUCCESS
iPhone 13,11.5,screen_cracked,166.63,113.84,46.03,good,792.21,3.1,UNREPAIRABLE
iPhone 14 Pro,10.4,battery_degraded,86.1,47.33,31.63,pristine,811.99,1.9,PARTIAL
HP Spectre x360,7.4,logic_board_defect,366.26,244.01,115.26,good,1299.33,20.1,SUCCESS
Samsung Galaxy S22,25.1,keyboard_failure,171.29,88.04,72.55,good,547.65,2.7,UNREPAIRABLE
Lenovo ThinkPad X1 Carbon,14.3,screen_cracked,355.85,229.16,115.05,fair,1001.84,2.8,SUCCESS
Lenovo ThinkPad X1 Carbon,3.5,camera_lens_broken,145.77,55.34,77.51,good,1404.56,3.3,SUCCESS
MacBook Air M2,6.5,speaker_malfunction,109.01,44.39,55.13,fair,1191.26,3.1,UNREPAIRABLE
MacBook Pro 14 M1,22.7,battery_degraded,118.88,49.47,60.63,fair,797.86,1.9,PARTIAL
Samsung Galaxy S23,3.4,liquid_spill,454.81,309.05,137.74,good,937.86,8.3,SUCCESS
Samsung Galaxy S23 Ultra,36.3,thermal_overheating,91.83,39.57,43.74,pristine,346.25,2.7,SUCCESS
Lenovo ThinkPad X1 Carbon,14.3,thermal_overheating,139.68,37.5,93.45,pristine,1113.16,3.1,SUCCESS
Google Pixel 7 Pro,13.8,charging_port_fault,90.56,36.28,46.45,pristine,750.85,3.0,UNREPAIRABLE
MacBook Pro 14 M1,18.2,battery_degraded,179.94,107.72,62.26,pristine,1007.93,1.7,SUCCESS
Dell Inspiron 15,33.3,thermal_overheating,103.4,24.29,71.99,good,600.5,2.9,SUCCESS
Dell Inspiron 15,9.7,keyboard_failure,203.13,127.07,66.93,good,1237.27,6.1,SUCCESS
Lenovo ThinkPad X1 Carbon,22.4,speaker_malfunction,95.53,34.06,48.09,good,894.6,1.6,SUCCESS
Dell Inspiron 15,17.0,speaker_malfunction,114.51,61.02,40.58,poor,780.23,2.3,SUCCESS
Lenovo ThinkPad X1 Carbon,7.6,thermal_overheating,142.32,53.46,78.3,pristine,1293.94,3.2,SUCCESS
Samsung Galaxy S22,40.0,liquid_spill,337.6,231.74,91.47,pristine,279.72,4.9,SUCCESS
Samsung Galaxy S22,30.7,charging_port_fault,82.81,32.09,44.54,fair,402.26,1.6,PARTIAL
MacBook Pro 14 M1,21.3,speaker_malfunction,127.02,67.89,53.2,good,924.28,1.8,SUCCESS
iPhone 15 Pro Max,36.2,speaker_malfunction,75.72,25.35,41.55,poor,261.04,1.3,PARTIAL
Dell XPS 13 Plus,38.4,charging_port_fault,146.72,66.83,72.95,fair,416.6,3.4,SUCCESS
Lenovo ThinkPad X1 Carbon,24.2,liquid_spill,521.02,347.02,168.17,poor,634.53,9.4,SUCCESS
iPhone 14 Pro,34.7,screen_cracked,259.63,182.14,71.07,poor,281.27,1.8,SUCCESS
Samsung Galaxy S23 Ultra,23.5,charging_port_fault,82.52,22.78,49.83,pristine,576.42,2.4,SUCCESS
iPhone 15 Pro Max,22.5,speaker_malfunction,82.94,27.21,44.39,pristine,594.4,1.3,SUCCESS
Google Pixel 8 Pro,19.4,charging_port_fault,75.45,25.39,35.3,poor,487.61,1.9,SUCCESS
Samsung Galaxy S23,27.1,keyboard_failure,205.52,129.59,69.0,good,511.69,2.1,SUCCESS
iPhone 15 Pro Max,5.1,thermal_overheating,76.33,15.69,55.35,poor,680.47,2.1,SUCCESS
iPhone 14 Pro,40.3,liquid_spill,233.01,109.19,115.33,fair,246.89,4.9,SUCCESS
Google Pixel 7 Pro,39.0,logic_board_defect,441.75,274.12,160.9,fair,267.93,10.3,SUCCESS
MacBook Air M2,2.5,logic_board_defect,726.94,590.51,121.89,fair,1288.39,18.7,SUCCESS
Google Pixel 8 Pro,33.5,speaker_malfunction,96.68,51.49,36.36,poor,297.45,2.1,PARTIAL
iPhone 13,4.5,camera_lens_broken,124.53,66.18,50.82,poor,688.56,0.9,PARTIAL
Samsung Galaxy S22,9.3,logic_board_defect,493.16,319.28,167.73,pristine,831.77,15.6,SUCCESS
Dell Inspiron 15,26.5,camera_lens_broken,154.55,94.58,53.52,good,783.98,1.7,SUCCESS
Samsung Galaxy S23,5.2,battery_degraded,89.82,35.43,43.77,good,905.49,1.6,SUCCESS
Samsung Galaxy S22,32.7,logic_board_defect,465.25,318.59,132.73,poor,308.24,6.1,PARTIAL
Samsung Galaxy S22,34.1,speaker_malfunction,84.23,34.53,34.8,pristine,385.81,1.5,SUCCESS
Samsung Galaxy S22,14.7,battery_degraded,79.18,40.58,33.42,poor,551.0,1.3,SUCCESS
Dell Inspiron 15,2.1,screen_cracked,394.39,304.91,78.03,poor,1081.75,4.3,SUCCESS
iPhone 15,8.1,keyboard_failure,140.51,57.61,77.1,good,853.35,3.7,SUCCESS
Dell Inspiron 15,19.3,camera_lens_broken,164.18,100.67,48.84,pristine,978.25,2.4,UNREPAIRABLE
iPhone 15,72.0,camera_lens_broken,158.15,105.64,37.57,fair,134.87,1.7,SUCCESS
Lenovo ThinkPad X1 Carbon,20.0,speaker_malfunction,98.88,42.92,42.28,poor,719.52,2.7,UNREPAIRABLE
Samsung Galaxy S23 Ultra,7.4,screen_cracked,197.34,97.73,87.62,pristine,865.93,1.6,SUCCESS
HP Spectre x360,20.1,charging_port_fault,112.21,50.63,52.11,pristine,956.66,2.5,UNREPAIRABLE
iPhone 15,16.0,thermal_overheating,98.0,30.83,57.34,good,711.29,3.0,UNREPAIRABLE
iPhone 15,29.2,logic_board_defect,535.46,372.85,151.14,fair,426.53,9.3,UNREPAIRABLE
Lenovo ThinkPad X1 Carbon,4.0,liquid_spill,439.6,337.29,89.12,fair,1251.96,10.6,SUCCESS
iPhone 13,27.8,keyboard_failure,123.8,58.36,53.35,good,499.1,3.6,SUCCESS
MacBook Air M2,16.0,charging_port_fault,126.55,61.34,51.53,pristine,1067.29,2.7,SUCCESS
Google Pixel 7 Pro,61.3,liquid_spill,355.92,269.4,75.04,good,149.85,6.1,PARTIAL
iPhone 14 Pro,9.5,keyboard_failure,200.19,120.1,74.8,fair,745.35,3.0,SUCCESS
MacBook Air M2,20.0,thermal_overheating,109.85,38.58,64.76,pristine,959.36,3.7,SUCCESS
Google Pixel 7 Pro,50.4,speaker_malfunction,85.32,40.24,30.8,pristine,149.85,1.1,UNREPAIRABLE
iPhone 13,3.9,logic_board_defect,291.99,182.52,97.66,pristine,928.87,8.2,SUCCESS
MacBook Air M2,51.8,liquid_spill,529.63,419.26,104.71,good,224.85,5.7,SUCCESS
iPhone 15,23.0,logic_board_defect,349.09,194.73,142.02,poor,439.06,12.9,SUCCESS
HP Spectre x360,3.3,logic_board_defect,518.72,382.6,131.09,good,1409.96,10.0,UNREPAIRABLE
iPhone 14 Pro,8.4,thermal_overheating,109.04,42.23,58.66,fair,763.16,3.0,SUCCESS
iPhone 15,24.2,charging_port_fault,95.96,25.62,62.0,pristine,563.84,1.4,SUCCESS
iPhone 14 Pro,3.3,logic_board_defect,518.71,410.81,97.07,good,939.66,13.1,SUCCESS
Google Pixel 8 Pro,17.7,liquid_spill,272.55,198.69,63.61,good,680.72,4.4,SUCCESS
iPhone 14 Pro,9.6,charging_port_fault,89.77,43.26,38.0,pristine,826.37,2.7,UNREPAIRABLE
Google Pixel 7 Pro,19.5,logic_board_defect,452.61,338.92,105.35,good,648.35,10.4,UNREPAIRABLE
Google Pixel 7 Pro,2.8,keyboard_failure,143.04,59.02,72.43,pristine,948.65,3.5,SUCCESS
iPhone 14 Pro,38.9,camera_lens_broken,128.4,74.85,41.11,good,299.5,2.6,SUCCESS
iPhone 13,67.3,speaker_malfunction,95.39,44.16,44.48,pristine,149.85,2.1,PARTIAL
HP Spectre x360,64.5,camera_lens_broken,203.78,137.92,60.45,good,224.85,2.7,SUCCESS
Google Pixel 7 Pro,26.9,camera_lens_broken,142.56,98.39,38.07,good,515.28,2.3,SUCCESS
iPhone 15 Pro Max,4.5,keyboard_failure,185.65,124.18,50.89,good,918.08,3.8,PARTIAL
iPhone 14 Pro,27.6,logic_board_defect,380.36,280.65,86.46,fair,452.43,8.3,SUCCESS
iPhone 15,2.4,screen_cracked,209.75,158.14,45.23,poor,716.88,2.6,SUCCESS
HP Spectre x360,2.4,logic_board_defect,695.31,511.83,175.77,poor,1075.68,21.1,UNREPAIRABLE
Dell XPS 13 Plus,9.0,liquid_spill,448.94,255.65,180.17,good,1256.16,8.3,SUCCESS
MacBook Air M2,14.1,speaker_malfunction,119.05,50.86,60.08,good,1118.55,1.4,PARTIAL
MacBook Pro 14 M1,28.5,speaker_malfunction,114.64,61.25,47.03,fair,657.01,2.4,SUCCESS
Google Pixel 7 Pro,22.7,liquid_spill,238.91,159.24,66.85,fair,531.73,8.7,SUCCESS
Lenovo ThinkPad X1 Carbon,12.6,speaker_malfunction,97.34,37.64,51.16,good,1159.03,2.4,SUCCESS
Google Pixel 8 Pro,7.8,speaker_malfunction,103.32,53.84,36.92,pristine,858.74,1.6,SUCCESS
MacBook Pro 14 M1,72.0,logic_board_defect,711.33,512.44,186.34,good,224.85,12.5,SUCCESS
Samsung Galaxy S22,12.0,charging_port_fault,73.12,32.09,35.18,pristine,783.22,3.1,SUCCESS
Samsung Galaxy S23 Ultra,12.8,battery_degraded,88.17,50.01,31.95,good,768.83,1.4,SUCCESS
MacBook Pro 14 M1,5.2,thermal_overheating,113.58,50.19,56.15,pristine,1358.69,2.3,SUCCESS
MacBook Air M2,30.5,charging_port_fault,110.91,39.19,59.84,pristine,676.05,3.7,PARTIAL
iPhone 15,23.3,battery_degraded,86.82,35.0,42.08,fair,522.02,0.9,SUCCESS
Lenovo ThinkPad X1 Carbon,6.5,thermal_overheating,107.89,38.22,56.25,fair,1191.26,2.3,SUCCESS
Google Pixel 7 Pro,3.5,logic_board_defect,550.65,391.16,148.13,pristine,936.06,14.6,SUCCESS
iPhone 14 Pro,22.5,charging_port_fault,109.08,44.56,54.72,fair,534.96,2.0,SUCCESS
Samsung Galaxy S23 Ultra,21.1,battery_degraded,127.19,78.16,39.86,poor,464.68,1.7,SUCCESS
Samsung Galaxy S22,7.7,charging_port_fault,81.0,20.84,48.71,good,860.54,2.1,SUCCESS
HP Spectre x360,56.2,keyboard_failure,186.92,72.1,109.73,pristine,224.85,6.0,SUCCESS
iPhone 14 Pro,4.9,camera_lens_broken,137.2,75.04,56.53,pristine,910.89,1.7,PARTIAL
MacBook Air M2,12.2,charging_port_fault,130.48,41.25,76.38,fair,1052.84,3.0,SUCCESS
MacBook Air M2,53.8,logic_board_defect,702.21,573.41,117.21,pristine,224.85,19.3,PARTIAL
MacBook Pro 14 M1,11.8,thermal_overheating,138.1,51.65,75.28,good,1180.61,2.2,PARTIAL
Samsung Galaxy S22,20.3,battery_degraded,98.4,37.02,47.04,poor,475.47,0.9,SUCCESS
Google Pixel 8 Pro,11.1,camera_lens_broken,166.72,93.19,59.53,fair,719.46,2.5,SUCCESS
iPhone 14 Pro,7.8,speaker_malfunction,97.44,47.67,36.3,poor,644.06,1.3,SUCCESS
iPhone 15,72.0,keyboard_failure,192.32,111.07,69.26,good,149.85,4.5,SUCCESS
Samsung Galaxy S22,11.5,charging_port_fault,109.74,49.67,52.21,pristine,792.21,1.7,UNREPAIRABLE
iPhone 13,42.4,charging_port_fault,98.48,33.02,50.86,poor,177.42,2.5,UNREPAIRABLE
iPhone 15,6.7,liquid_spill,175.75,97.65,71.25,poor,658.89,4.4,SUCCESS
Dell XPS 13 Plus,6.3,thermal_overheating,139.24,40.35,87.71,good,1329.01,3.3,SUCCESS
Google Pixel 7 Pro,2.6,charging_port_fault,105.04,44.05,48.17,poor,714.19,2.8,SUCCESS
Samsung Galaxy S23 Ultra,21.0,battery_degraded,89.14,40.31,34.61,fair,559.24,1.6,SUCCESS
Samsung Galaxy S23 Ultra,10.3,speaker_malfunction,87.87,46.1,31.02,poor,610.34,2.3,PARTIAL
Lenovo ThinkPad X1 Carbon,38.0,thermal_overheating,141.95,57.99,74.25,poor,355.26,2.6,PARTIAL
HP Spectre x360,13.5,logic_board_defect,572.41,453.01,112.36,poor,851.06,12.9,SUCCESS
Lenovo ThinkPad X1 Carbon,64.1,camera_lens_broken,225.01,141.33,69.64,poor,168.64,3.0,PARTIAL
Dell XPS 13 Plus,5.7,screen_cracked,257.54,182.7,65.05,poor,1008.9,3.4,PARTIAL
iPhone 14 Pro,38.5,logic_board_defect,458.89,358.7,90.41,good,306.69,10.3,SUCCESS
Dell Inspiron 15,29.0,liquid_spill,226.98,128.16,86.98,pristine,716.52,14.1,UNREPAIRABLE
iPhone 15 Pro Max,28.5,thermal_overheating,87.46,29.47,51.61,pristine,486.51,1.9,PARTIAL
Google Pixel 8 Pro,35.5,battery_degraded,132.4,75.37,49.65,pristine,360.64,1.2,SUCCESS
iPhone 15,27.8,screen_cracked,208.71,116.34,78.64,poor,374.33,3.6,SUCCESS
iPhone 13,19.7,screen_cracked,154.51,92.26,50.7,good,644.75,1.6,PARTIAL
iPhone 13,4.5,logic_board_defect,296.97,162.81,119.78,poor,688.56,12.5,SUCCESS
iPhone 13,2.6,keyboard_failure,191.99,106.42,77.54,pristine,952.25,4.6,UNREPAIRABLE
Samsung Galaxy S23,47.7,thermal_overheating,91.86,23.78,59.61,poor,112.39,2.2,SUCCESS
Samsung Galaxy S22,19.3,keyboard_failure,137.94,72.38,53.14,fair,586.75,2.8,SUCCESS
